{"type":"FeatureCollection","name":"PEB Paris-CDG 2007","source":"DGAC via data.gouv.fr","features":[{"type":"Feature","properties":{"ZONE":"D","CODE_OACI":"LFPG","NOM":"P. CH. DE GAULLE","INDLDENEXT":"50","INDLDENINT":"56","DATE_ARRET":"2007/04/03","REF_DOC":"http://piece-jointe-carto.developpement-durable.gouv.fr/NAT003/PEB/PEB_LFPG_03_04_2007.pdf"},"geometry":{"type":"MultiPolygon","coordinates":[[[[3.023261,49.053371],[3.023909,49.053227],[3.024544,49.053052],[3.025153,49.052848],[3.025708,49.052597],[3.026021,49.052398],[3.026328,49.052189],[3.026606,49.052015],[3.026884,49.051841],[3.027143,49.051661],[3.027356,49.051466],[3.027525,49.051207],[3.027634,49.050927],[3.02772,49.050635],[3.02781,49.05034],[3.027922,49.050053],[3.028033,49.049769],[3.028111,49.049489],[3.028113,49.049215],[3.028024,49.048979],[3.02788,49.048745],[3.027722,49.04851],[3.027586,49.04827],[3.027484,49.047944],[3.027429,49.047612],[3.027372,49.047284],[3.027262,49.04697],[3.02702,49.046639],[3.026694,49.04633],[3.026322,49.046034],[3.025924,49.045747],[3.025079,49.045199],[3.024631,49.04495],[3.024154,49.044735],[3.02363,49.044572],[3.023461,49.04453],[3.022653,49.04436],[3.017009,49.043227],[3.015216,49.04289],[3.013799,49.042622],[3.005326,49.04079],[3.004959,49.04073],[3.004675,49.040673],[3.004286,49.040603],[3.002851,49.040325],[2.992348,49.038703],[2.983922,49.037438],[2.981975,49.037065],[2.981002,49.036878],[2.980021,49.036714],[2.97849,49.036544],[2.976947,49.03641],[2.973862,49.036137],[2.972229,49.035945],[2.969959,49.035663],[2.967701,49.035348],[2.965618,49.034942],[2.963543,49.034514],[2.96087,49.034003],[2.95953,49.03376],[2.95818,49.033547],[2.957484,49.03347],[2.956783,49.033407],[2.955376,49.033299],[2.952293,49.033094],[2.950753,49.032989],[2.949218,49.032859],[2.947674,49.03266],[2.946135,49.032437],[2.943057,49.031992],[2.939733,49.031564],[2.936897,49.031147],[2.930738,49.030447],[2.924578,49.029615],[2.922907,49.029372],[2.920663,49.028942],[2.919544,49.028722],[2.918416,49.028527],[2.917653,49.028429],[2.916884,49.028348],[2.91534,49.028201],[2.913796,49.028054],[2.912258,49.027869],[2.911873,49.027805],[2.911489,49.027733],[2.911108,49.027655],[2.91073,49.027573],[2.90999,49.02739],[2.909634,49.027285],[2.909295,49.027167],[2.908895,49.026992],[2.908517,49.026799],[2.908148,49.026595],[2.907781,49.026387],[2.907012,49.025976],[2.906582,49.025784],[2.906089,49.025611],[2.905387,49.025439],[2.904677,49.025286],[2.904114,49.025127],[2.903913,49.024936],[2.904234,49.024706],[2.904769,49.024454],[2.906075,49.023694],[2.906512,49.023418],[2.90697,49.023145],[2.907448,49.022889],[2.90796,49.022675],[2.908292,49.022579],[2.908638,49.022503],[2.908992,49.02244],[2.909352,49.022383],[2.910075,49.022274],[2.910786,49.022144],[2.91115,49.022055],[2.911507,49.021956],[2.912213,49.021743],[2.914604,49.021045],[2.917026,49.020398],[2.917358,49.020327],[2.917692,49.020258],[2.918025,49.020187],[2.918354,49.020109],[2.919065,49.019904],[2.91976,49.019672],[2.921132,49.019179],[2.922491,49.018671],[2.923814,49.018128],[2.924155,49.017965],[2.924489,49.017796],[2.926185,49.016861],[2.927011,49.016378],[2.927795,49.015867],[2.928132,49.015608],[2.928452,49.015338],[2.928763,49.015062],[2.929065,49.014781],[2.929638,49.014209],[2.929899,49.013915],[2.930126,49.013612],[2.930268,49.013368],[2.930388,49.013119],[2.930601,49.012611],[2.930736,49.012289],[2.930881,49.011969],[2.931048,49.011657],[2.931253,49.01136],[2.931543,49.011057],[2.931877,49.010771],[2.932234,49.010493],[2.932603,49.01022],[2.933343,49.009673],[2.933699,49.009393],[2.934029,49.009102],[2.934309,49.00881],[2.934569,49.00851],[2.935083,49.007905],[2.936796,49.006254],[2.937667,49.005435],[2.938084,49.00502],[2.938281,49.004808],[2.938464,49.004591],[2.938661,49.004323],[2.93884,49.004049],[2.939169,49.003491],[2.939787,49.002361],[2.940969,49.000087],[2.94194,48.997847],[2.942759,48.995584],[2.942761,48.995578],[2.942769,48.995565],[2.943988,48.993349],[2.944516,48.992224],[2.944748,48.991657],[2.944843,48.991371],[2.944912,48.991081],[2.944943,48.990797],[2.944949,48.990511],[2.944935,48.990223],[2.944906,48.989935],[2.94486,48.98965],[2.944794,48.989369],[2.9447,48.989095],[2.944561,48.988834],[2.944398,48.988626],[2.944202,48.988429],[2.943983,48.988238],[2.943748,48.988053],[2.943245,48.987699],[2.942704,48.987371],[2.94228,48.987154],[2.941839,48.986954],[2.941386,48.986768],[2.94092,48.986598],[2.940386,48.986433],[2.939841,48.986282],[2.938737,48.985998],[2.937631,48.985717],[2.936541,48.985408],[2.936213,48.985299],[2.93589,48.985184],[2.935571,48.985064],[2.935257,48.984938],[2.934648,48.984672],[2.934359,48.984528],[2.934086,48.984373],[2.933725,48.984124],[2.933394,48.983855],[2.933078,48.983575],[2.932772,48.98329],[2.931562,48.982134],[2.930984,48.981616],[2.930681,48.981366],[2.93036,48.981128],[2.929981,48.980885],[2.929582,48.980656],[2.928756,48.980215],[2.92707,48.979357],[2.923669,48.977664],[2.918019,48.975053],[2.916718,48.97438],[2.916087,48.974029],[2.915485,48.973656],[2.915155,48.973423],[2.914818,48.973196],[2.914314,48.972924],[2.913774,48.97268],[2.913216,48.972449],[2.91265,48.972224],[2.91036,48.971346],[2.909211,48.970911],[2.90806,48.970483],[2.906897,48.97008],[2.906303,48.969909],[2.905688,48.969787],[2.905349,48.969755],[2.905003,48.969742],[2.904303,48.969746],[2.902072,48.969835],[2.899852,48.969945],[2.897634,48.970063],[2.896529,48.970136],[2.89598,48.970184],[2.895435,48.97025],[2.894926,48.970335],[2.894419,48.970431],[2.893912,48.970527],[2.893401,48.970609],[2.893053,48.970649],[2.892701,48.970681],[2.891995,48.97073],[2.891287,48.970775],[2.890935,48.970803],[2.890584,48.970836],[2.889904,48.970927],[2.889229,48.971037],[2.887886,48.97128],[2.885202,48.971779],[2.884469,48.971904],[2.884101,48.971957],[2.883728,48.971998],[2.883075,48.972032],[2.882417,48.972045],[2.881761,48.972063],[2.881119,48.972115],[2.880562,48.972215],[2.880017,48.972348],[2.879478,48.972499],[2.878943,48.97266],[2.876801,48.973311],[2.8759,48.973552],[2.875444,48.973661],[2.874983,48.973758],[2.874225,48.973881],[2.873457,48.973982],[2.871913,48.974161],[2.870368,48.974341],[2.8696,48.974441],[2.868841,48.974562],[2.868316,48.974671],[2.867797,48.974793],[2.866767,48.975056],[2.86471,48.975593],[2.862704,48.97608],[2.856566,48.977566],[2.85529,48.977867],[2.850428,48.978945],[2.844628,48.980143],[2.844288,48.980205],[2.838148,48.981506],[2.832235,48.982422],[2.832006,48.982459],[2.828935,48.983079],[2.827406,48.983402],[2.825865,48.983695],[2.824338,48.983897],[2.822799,48.98407],[2.819721,48.98441],[2.817299,48.984706],[2.814078,48.98508],[2.813577,48.985119],[2.812966,48.985163],[2.808557,48.98555],[2.807431,48.985619],[2.801285,48.986044],[2.795138,48.98625],[2.793011,48.986316],[2.791205,48.986384],[2.78899,48.986413],[2.786735,48.986423],[2.785134,48.986453],[2.782842,48.98644],[2.78058,48.98644],[2.77897,48.986454],[2.776694,48.986436],[2.774512,48.986394],[2.772673,48.986358],[2.770545,48.98626],[2.768607,48.986227],[2.766285,48.986195],[2.764396,48.98613],[2.7627,48.986062],[2.75985,48.985999],[2.758247,48.985945],[2.756802,48.985889],[2.753384,48.985779],[2.752098,48.985726],[2.750959,48.985675],[2.746852,48.98551],[2.745949,48.985457],[2.745161,48.985429],[2.740296,48.985224],[2.739799,48.985199],[2.73937,48.985177],[2.733673,48.984888],[2.73365,48.984887],[2.733632,48.984886],[2.733391,48.984872],[2.727501,48.984505],[2.724197,48.984283],[2.721351,48.984078],[2.718276,48.983867],[2.717071,48.983774],[2.715202,48.983619],[2.712126,48.983258],[2.710591,48.983061],[2.709051,48.982886],[2.707071,48.982759],[2.705084,48.982667],[2.703365,48.982584],[2.702902,48.982548],[2.696753,48.982088],[2.690604,48.981735],[2.684456,48.98135],[2.678307,48.980975],[2.672158,48.980583],[2.666011,48.980533],[2.665679,48.980527],[2.663913,48.980468],[2.660067,48.980322],[2.659863,48.980322],[2.656789,48.980156],[2.653714,48.980025],[2.652175,48.979988],[2.651406,48.979964],[2.650641,48.979921],[2.64987,48.979846],[2.649102,48.979753],[2.647566,48.979569],[2.644983,48.979361],[2.644492,48.979314],[2.642945,48.979103],[2.641417,48.97884],[2.640101,48.978553],[2.638798,48.978242],[2.638454,48.978161],[2.638143,48.978097],[2.637744,48.978025],[2.635268,48.97755],[2.633279,48.977123],[2.63261,48.976971],[2.632193,48.976882],[2.629118,48.976182],[2.628322,48.976002],[2.626043,48.975362],[2.624286,48.974881],[2.623632,48.974726],[2.623302,48.974655],[2.622969,48.974591],[2.621851,48.974432],[2.620722,48.974306],[2.61846,48.97406],[2.616821,48.97386],[2.616506,48.973819],[2.61627,48.973762],[2.614896,48.97349],[2.613493,48.973278],[2.610673,48.972895],[2.608677,48.972642],[2.60814,48.972556],[2.607599,48.97248],[2.607216,48.972447],[2.60683,48.972428],[2.606441,48.972419],[2.606051,48.97242],[2.605278,48.972452],[2.604897,48.972489],[2.604526,48.972549],[2.604126,48.972645],[2.6028,48.97299],[2.602132,48.973148],[2.601795,48.973217],[2.601453,48.973274],[2.601076,48.97332],[2.600695,48.973352],[2.599925,48.973395],[2.59838,48.973472],[2.595318,48.973769],[2.595312,48.973769],[2.595303,48.97377],[2.595245,48.973773],[2.592234,48.973917],[2.590696,48.973998],[2.589927,48.974028],[2.589543,48.974034],[2.589161,48.974031],[2.588809,48.974016],[2.588459,48.973993],[2.587759,48.973931],[2.586357,48.973776],[2.586087,48.973756],[2.585851,48.973776],[2.584433,48.97396],[2.583724,48.974038],[2.58337,48.974066],[2.583014,48.974082],[2.58263,48.974083],[2.582246,48.974069],[2.581475,48.974018],[2.57994,48.973865],[2.579235,48.973778],[2.578047,48.973636],[2.576867,48.973472],[2.576098,48.973327],[2.575334,48.97317],[2.574569,48.973019],[2.574183,48.972954],[2.573793,48.972903],[2.573411,48.972871],[2.573025,48.97285],[2.57225,48.972824],[2.571862,48.97281],[2.571477,48.972789],[2.571095,48.972756],[2.57072,48.972702],[2.570487,48.972656],[2.567646,48.972102],[2.565433,48.971533],[2.565005,48.971417],[2.564572,48.971312],[2.564199,48.971242],[2.56382,48.971185],[2.563052,48.971096],[2.561499,48.970967],[2.559155,48.970839],[2.555353,48.97053],[2.552282,48.970375],[2.549206,48.970269],[2.547669,48.970282],[2.546131,48.970316],[2.544593,48.970359],[2.54306,48.97043],[2.542087,48.970514],[2.541117,48.970615],[2.539178,48.970824],[2.536914,48.971033],[2.53384,48.971229],[2.530767,48.971294],[2.527694,48.971326],[2.524621,48.971274],[2.521547,48.971357],[2.518474,48.971279],[2.515401,48.971145],[2.512328,48.970945],[2.510341,48.970768],[2.506182,48.970418],[2.501984,48.970045],[2.500036,48.969828],[2.496963,48.969621],[2.493891,48.969283],[2.493797,48.969274],[2.491141,48.969036],[2.490431,48.968989],[2.487745,48.968776],[2.481599,48.968432],[2.475454,48.968106],[2.47401,48.968071],[2.470614,48.967968],[2.469308,48.967918],[2.468121,48.96788],[2.46422,48.967782],[2.463162,48.967745],[2.457017,48.967602],[2.450871,48.967618],[2.444725,48.967553],[2.438579,48.967372],[2.432434,48.967143],[2.428962,48.966977],[2.426289,48.966838],[2.426099,48.966836],[2.420677,48.966578],[2.420143,48.966545],[2.419507,48.966501],[2.414998,48.966231],[2.414498,48.966172],[2.413999,48.966115],[2.412469,48.966028],[2.410931,48.965988],[2.407854,48.965911],[2.401709,48.965573],[2.395564,48.965352],[2.38942,48.964856],[2.384803,48.964676],[2.383275,48.964616],[2.377131,48.964178],[2.370986,48.963895],[2.364842,48.963483],[2.362012,48.963428],[2.36047,48.963342],[2.356564,48.963071],[2.352554,48.962872],[2.348989,48.962732],[2.343415,48.962418],[2.340266,48.962176],[2.327978,48.961537],[2.321459,48.961265],[2.31569,48.960942],[2.309547,48.960527],[2.303612,48.960036],[2.303405,48.960018],[2.297262,48.95952],[2.29112,48.958856],[2.28498,48.958085],[2.282741,48.957742],[2.27884,48.957069],[2.272701,48.956035],[2.269672,48.955463],[2.268124,48.955137],[2.267347,48.95498],[2.266563,48.954847],[2.265798,48.954757],[2.265026,48.95469],[2.263475,48.954579],[2.261923,48.954469],[2.260381,48.954324],[2.259613,48.95421],[2.258851,48.954078],[2.257332,48.953795],[2.255813,48.953512],[2.255051,48.953379],[2.254284,48.953264],[2.253369,48.953166],[2.252447,48.953089],[2.2506,48.952955],[2.2469,48.952703],[2.244451,48.952564],[2.243226,48.952503],[2.242,48.952465],[2.240463,48.952485],[2.238925,48.952532],[2.235849,48.952636],[2.232773,48.952743],[2.231237,48.952805],[2.229709,48.952904],[2.228933,48.952997],[2.228161,48.95311],[2.226621,48.953355],[2.223544,48.953859],[2.217408,48.954904],[2.216488,48.955107],[2.215573,48.95532],[2.2051,48.957607],[2.195092,48.959756],[2.193349,48.960157],[2.192792,48.960272],[2.192033,48.960471],[2.191291,48.960699],[2.189826,48.961184],[2.186908,48.962175],[2.183992,48.96317],[2.181115,48.964208],[2.180926,48.96429],[2.180471,48.964518],[2.178687,48.965264],[2.176849,48.965956],[2.17317,48.967347],[2.172431,48.96765],[2.171704,48.967964],[2.171004,48.968297],[2.170674,48.968475],[2.170369,48.968669],[2.170056,48.968922],[2.169774,48.969193],[2.16951,48.969474],[2.169254,48.969761],[2.168196,48.970898],[2.168176,48.970919],[2.16813,48.971014],[2.168015,48.971293],[2.16786,48.971569],[2.167687,48.971843],[2.167511,48.972114],[2.167349,48.972383],[2.167219,48.972648],[2.167147,48.972906],[2.167172,48.973155],[2.16732,48.973384],[2.167553,48.973604],[2.167827,48.973822],[2.168107,48.974039],[2.169957,48.97587],[2.170834,48.976788],[2.17129,48.977237],[2.171785,48.977666],[2.172049,48.97786],[2.172328,48.978046],[2.172908,48.978406],[2.174109,48.979105],[2.175329,48.97979],[2.175951,48.980121],[2.176593,48.980432],[2.177049,48.980622],[2.177516,48.9808],[2.178466,48.98114],[2.180343,48.981844],[2.180723,48.982017],[2.1811,48.982192],[2.186473,48.984306],[2.186947,48.984459],[2.188923,48.985106],[2.189917,48.985421],[2.19093,48.985701],[2.191345,48.98579],[2.191765,48.98587],[2.192609,48.986024],[2.195614,48.986686],[2.195712,48.986709],[2.195897,48.986735],[2.19875,48.987154],[2.20182,48.987727],[2.20249,48.987879],[2.204889,48.988469],[2.20636,48.988739],[2.207827,48.989019],[2.208488,48.989186],[2.209139,48.989368],[2.211028,48.989912],[2.212029,48.990219],[2.213025,48.99054],[2.213989,48.990882],[2.214442,48.991072],[2.214851,48.991287],[2.215143,48.991495],[2.215405,48.991722],[2.215653,48.99196],[2.215899,48.992202],[2.216154,48.992445],[2.216434,48.992684],[2.216757,48.992914],[2.217155,48.993127],[2.217678,48.99334],[2.217959,48.993544],[2.217696,48.993756],[2.21715,48.993963],[2.215641,48.994497],[2.214287,48.994975],[2.213619,48.995205],[2.212947,48.995426],[2.212261,48.995625],[2.211906,48.995708],[2.211538,48.995774],[2.210988,48.99583],[2.204836,48.996174],[2.198684,48.996614],[2.192532,48.996831],[2.186382,48.996977],[2.180232,48.997048],[2.174083,48.996945],[2.167933,48.996984],[2.161782,48.997145],[2.155632,48.997282],[2.149479,48.997692],[2.14779,48.997818],[2.143817,48.998164],[2.143325,48.998192],[2.142865,48.99824],[2.142409,48.998306],[2.141503,48.998462],[2.138676,48.998933],[2.136088,48.999237],[2.131012,48.999842],[2.130563,48.99991],[2.130121,49.000004],[2.12953,49.000202],[2.128955,49.000452],[2.128392,49.000727],[2.127845,49.001016],[2.127323,49.001312],[2.12685,49.001613],[2.126474,49.00192],[2.126294,49.002238],[2.126388,49.002528],[2.126644,49.002826],[2.126988,49.003127],[2.127381,49.003426],[2.128242,49.004006],[2.128699,49.00427],[2.129176,49.004497],[2.12961,49.004647],[2.130058,49.004768],[2.130513,49.004876],[2.130969,49.00498],[2.137106,49.00658],[2.137478,49.00668],[2.137853,49.006776],[2.139184,49.007041],[2.140535,49.007266],[2.143248,49.007692],[2.149392,49.008609],[2.152107,49.009074],[2.155536,49.009494],[2.160547,49.009933],[2.1631,49.010147],[2.16783,49.010597],[2.169811,49.010732],[2.171578,49.010894],[2.177096,49.011438],[2.178705,49.011582],[2.180124,49.011721],[2.181387,49.011819],[2.182504,49.011929],[2.191693,49.01317],[2.192415,49.013298],[2.195804,49.013711],[2.198562,49.014009],[2.204709,49.014673],[2.210856,49.015341],[2.216419,49.01602],[2.217003,49.016094],[2.223151,49.016782],[2.229298,49.01754],[2.235446,49.01825],[2.23593,49.018322],[2.241592,49.019199],[2.24774,49.019979],[2.251213,49.020611],[2.253885,49.021195],[2.26003,49.022503],[2.262187,49.022886],[2.266177,49.023513],[2.267191,49.02364],[2.275861,49.02483],[2.278474,49.025057],[2.279976,49.025124],[2.280784,49.025161],[2.281591,49.025211],[2.284233,49.02547],[2.286854,49.025811],[2.287431,49.025903],[2.287836,49.025921],[2.288247,49.025917],[2.288654,49.025922],[2.289048,49.025967],[2.289551,49.026094],[2.290153,49.026146],[2.290775,49.026135],[2.293851,49.026211],[2.296927,49.026284],[2.300004,49.026333],[2.300364,49.026346],[2.30308,49.026435],[2.306156,49.026459],[2.309232,49.026529],[2.312309,49.026619],[2.315385,49.026786],[2.315961,49.026788],[2.316536,49.026801],[2.31708,49.026843],[2.317623,49.026894],[2.319194,49.026973],[2.321536,49.027087],[2.324181,49.027204],[2.324975,49.027256],[2.327688,49.027408],[2.329525,49.027529],[2.330764,49.027626],[2.333839,49.027911],[2.336915,49.02819],[2.33999,49.028575],[2.340778,49.028674],[2.343065,49.029088],[2.346139,49.029792],[2.346193,49.029807],[2.346898,49.030034],[2.347243,49.030161],[2.347581,49.030295],[2.34791,49.030437],[2.348225,49.030589],[2.34852,49.030753],[2.348785,49.030936],[2.349001,49.031131],[2.349209,49.031334],[2.349536,49.031634],[2.349787,49.031956],[2.349831,49.032062],[2.350108,49.032623],[2.350245,49.032903],[2.350347,49.033187],[2.35039,49.033464],[2.350391,49.033746],[2.350361,49.034029],[2.350308,49.034311],[2.350137,49.034876],[2.349924,49.035434],[2.349679,49.036001],[2.349384,49.036557],[2.349187,49.036849],[2.348584,49.03768],[2.347593,49.038802],[2.34646,49.039924],[2.346097,49.040236],[2.345087,49.041046],[2.343862,49.042167],[2.343008,49.042823],[2.342361,49.043289],[2.341557,49.043863],[2.341145,49.044143],[2.340715,49.04441],[2.340325,49.044622],[2.339923,49.044826],[2.339265,49.045163],[2.338949,49.04534],[2.338652,49.04553],[2.338216,49.045873],[2.337783,49.046218],[2.337453,49.046434],[2.337102,49.046635],[2.336367,49.047017],[2.334881,49.047771],[2.334319,49.048087],[2.334038,49.048244],[2.333752,49.048395],[2.332815,49.04882],[2.331845,49.049217],[2.329905,49.05001],[2.327584,49.051081],[2.324785,49.052248],[2.323118,49.052929],[2.322277,49.053259],[2.321416,49.053564],[2.321,49.053689],[2.320577,49.053805],[2.319722,49.054025],[2.318867,49.054244],[2.318026,49.054483],[2.317323,49.054724],[2.316633,49.054983],[2.315251,49.055499],[2.313373,49.056102],[2.311507,49.056718],[2.310897,49.05696],[2.310297,49.057213],[2.309696,49.057465],[2.309084,49.057703],[2.308599,49.057868],[2.308105,49.058021],[2.307107,49.058316],[2.306111,49.058614],[2.305621,49.058775],[2.305143,49.058953],[2.304661,49.059169],[2.304206,49.059409],[2.303791,49.059675],[2.303448,49.059976],[2.303303,49.060144],[2.302913,49.060454],[2.302663,49.060626],[2.302422,49.060801],[2.302212,49.060988],[2.302059,49.061195],[2.30198,49.06148],[2.302005,49.06178],[2.302119,49.06207],[2.302333,49.062319],[2.3026,49.062482],[2.302902,49.062625],[2.303714,49.063051],[2.304117,49.063261],[2.304537,49.063448],[2.305061,49.063618],[2.305612,49.063756],[2.306178,49.063877],[2.306751,49.06399],[2.309051,49.064436],[2.31178,49.065102],[2.314528,49.065716],[2.315078,49.065808],[2.315203,49.065841],[2.315488,49.065927],[2.31751,49.066486],[2.31852,49.066765],[2.319017,49.066915],[2.319502,49.067079],[2.319982,49.067272],[2.320448,49.067482],[2.321351,49.067928],[2.321448,49.067978],[2.322469,49.068526],[2.323444,49.069106],[2.323706,49.06929],[2.323957,49.06948],[2.324196,49.069678],[2.324422,49.069881],[2.324759,49.070233],[2.3252,49.070785],[2.325574,49.071358],[2.325718,49.071634],[2.325844,49.071915],[2.325953,49.072198],[2.326044,49.072483],[2.326112,49.072762],[2.326164,49.073043],[2.326238,49.073608],[2.326296,49.074732],[2.32627,49.075295],[2.326198,49.075855],[2.326061,49.076418],[2.325899,49.076979],[2.325571,49.078102],[2.325131,49.079225],[2.324614,49.080349],[2.324373,49.080806],[2.32401,49.081471],[2.323757,49.081917],[2.3227,49.083717],[2.32127,49.085862],[2.32121,49.085951],[2.321204,49.085962],[2.319849,49.088207],[2.318212,49.090452],[2.316809,49.092697],[2.315952,49.093812],[2.315526,49.09437],[2.315152,49.094942],[2.315066,49.095107],[2.31454,49.096158],[2.314261,49.096679],[2.313939,49.097188],[2.313715,49.097473],[2.313471,49.097752],[2.31296,49.098303],[2.312458,49.098857],[2.312228,49.09914],[2.31203,49.099432],[2.311895,49.099693],[2.311779,49.09996],[2.31168,49.100187],[2.311555,49.100407],[2.311275,49.100742],[2.311055,49.101019],[2.308857,49.103921],[2.306723,49.106863],[2.305622,49.108411],[2.303867,49.110655],[2.303438,49.111219],[2.302659,49.112245],[2.302194,49.1129],[2.301546,49.113821],[2.301247,49.114277],[2.300658,49.115144],[2.300236,49.115829],[2.29954,49.116831],[2.299237,49.117389],[2.298973,49.117846],[2.297995,49.119355],[2.297804,49.119634],[2.297668,49.119855],[2.297031,49.120848],[2.296878,49.121097],[2.296737,49.121349],[2.296616,49.121604],[2.296525,49.121865],[2.296521,49.12188],[2.296515,49.121892],[2.296446,49.122062],[2.295703,49.124126],[2.295268,49.125246],[2.295061,49.125807],[2.294892,49.126372],[2.294836,49.126651],[2.294794,49.126932],[2.294729,49.127495],[2.294666,49.128059],[2.294575,49.12862],[2.294459,49.129065],[2.294315,49.129509],[2.293978,49.130387],[2.293765,49.130866],[2.293382,49.131989],[2.293311,49.132335],[2.293131,49.133112],[2.292845,49.134236],[2.292559,49.135359],[2.292375,49.136483],[2.292215,49.137606],[2.292134,49.13873],[2.29208,49.139854],[2.292122,49.140978],[2.292196,49.142103],[2.292316,49.143227],[2.29237,49.143791],[2.292409,49.144072],[2.292469,49.144351],[2.292542,49.144575],[2.292639,49.144795],[2.292771,49.145025],[2.292923,49.145251],[2.293253,49.145696],[2.293416,49.145919],[2.29357,49.146143],[2.293705,49.14637],[2.293809,49.146602],[2.293899,49.147006],[2.293934,49.14742],[2.293972,49.147834],[2.29407,49.148238],[2.294224,49.148547],[2.294402,49.148851],[2.294934,49.149977],[2.295589,49.151102],[2.295893,49.151669],[2.296229,49.152228],[2.296293,49.152313],[2.296554,49.1526],[2.296861,49.15287],[2.2972,49.153122],[2.297572,49.153354],[2.298122,49.15362],[2.298721,49.15383],[2.299138,49.153929],[2.299567,49.154007],[2.300443,49.154144],[2.300947,49.154228],[2.30145,49.154309],[2.301952,49.154372],[2.302452,49.154395],[2.302985,49.154353],[2.303514,49.154264],[2.304041,49.154149],[2.304564,49.154018],[2.305595,49.153724],[2.306095,49.153559],[2.306571,49.153373],[2.306866,49.153239],[2.307166,49.153108],[2.307535,49.152981],[2.307918,49.152866],[2.30829,49.152745],[2.308629,49.152601],[2.309071,49.152289],[2.309435,49.151917],[2.309769,49.151524],[2.310108,49.151133],[2.312625,49.14889],[2.313789,49.147956],[2.314073,49.14772],[2.314346,49.147479],[2.314601,49.147231],[2.314824,49.146971],[2.315057,49.146647],[2.315297,49.146387],[2.315575,49.146143],[2.315876,49.145909],[2.316188,49.145679],[2.317435,49.144756],[2.317869,49.144404],[2.31792,49.144369],[2.318232,49.144113],[2.318505,49.143835],[2.318771,49.143554],[2.31906,49.143283],[2.319299,49.143099],[2.319548,49.14292],[2.319787,49.142738],[2.319994,49.142542],[2.32027,49.142161],[2.320756,49.1416],[2.321018,49.141342],[2.321352,49.141039],[2.321753,49.140611],[2.32205,49.140291],[2.322381,49.139917],[2.323486,49.138795],[2.323814,49.138454],[2.324116,49.138103],[2.324274,49.13789],[2.324422,49.137673],[2.325165,49.13655],[2.326065,49.135428],[2.327101,49.134306],[2.327217,49.134172],[2.328031,49.133184],[2.328738,49.132337],[2.32931,49.131683],[2.32995,49.130939],[2.330165,49.130664],[2.330386,49.130391],[2.330731,49.130028],[2.331105,49.129675],[2.331864,49.128976],[2.332149,49.128695],[2.332344,49.128502],[2.333412,49.127579],[2.334536,49.126452],[2.336868,49.124208],[2.338141,49.123149],[2.339373,49.121965],[2.339602,49.121702],[2.340215,49.120953],[2.340461,49.120687],[2.341278,49.11972],[2.341878,49.11901],[2.342873,49.118005],[2.343388,49.117476],[2.34374,49.117103],[2.344036,49.116838],[2.344291,49.116658],[2.34448,49.116523],[2.348747,49.112989],[2.350229,49.11172],[2.35079,49.111266],[2.351977,49.110316],[2.354126,49.108502],[2.354864,49.107904],[2.356523,49.106555],[2.356884,49.106258],[2.357103,49.106067],[2.35816,49.105224],[2.359797,49.104015],[2.360324,49.103622],[2.361845,49.102441],[2.362837,49.101772],[2.364339,49.100714],[2.364441,49.100651],[2.365422,49.100096],[2.366384,49.09953],[2.36665,49.099344],[2.366914,49.099157],[2.368496,49.098214],[2.370106,49.097287],[2.370515,49.097037],[2.370901,49.096838],[2.371307,49.096655],[2.37215,49.096315],[2.373858,49.095654],[2.375264,49.095047],[2.375964,49.094717],[2.376319,49.094557],[2.376686,49.094411],[2.377071,49.094283],[2.377468,49.094169],[2.378281,49.093966],[2.382506,49.093062],[2.382852,49.093006],[2.383086,49.092981],[2.383562,49.092907],[2.384031,49.092812],[2.386516,49.092339],[2.389017,49.091918],[2.390734,49.091728],[2.392461,49.091567],[2.393218,49.0915],[2.393977,49.091455],[2.394608,49.091451],[2.395241,49.091468],[2.396502,49.091546],[2.397714,49.09168],[2.398921,49.091835],[2.400127,49.091983],[2.400732,49.092043],[2.401339,49.092083],[2.40187,49.092089],[2.402402,49.092079],[2.403469,49.092035],[2.404537,49.09199],[2.40507,49.091976],[2.405602,49.091978],[2.406139,49.092002],[2.406675,49.092041],[2.407745,49.09214],[2.409888,49.09234],[2.41052,49.092379],[2.411154,49.092405],[2.411789,49.092415],[2.412423,49.092397],[2.413052,49.092334],[2.413661,49.092219],[2.414155,49.092071],[2.414627,49.091893],[2.415088,49.091698],[2.415541,49.091493],[2.416429,49.091064],[2.417281,49.090606],[2.417606,49.090406],[2.417921,49.090199],[2.41854,49.089778],[2.419166,49.089363],[2.41949,49.089166],[2.419831,49.088983],[2.420204,49.088814],[2.420594,49.088658],[2.421393,49.088363],[2.422593,49.08791],[2.423783,49.087447],[2.424947,49.086963],[2.425227,49.086834],[2.425499,49.086699],[2.425758,49.086554],[2.425998,49.086396],[2.426315,49.08612],[2.426523,49.085863],[2.426693,49.085592],[2.426836,49.085312],[2.426959,49.085027],[2.42715,49.08445],[2.427208,49.084161],[2.427226,49.083873],[2.427189,49.083586],[2.427112,49.083301],[2.42701,49.083017],[2.426892,49.082735],[2.426314,49.081624],[2.426163,49.081388],[2.426011,49.081153],[2.425065,49.079374],[2.42399,49.077125],[2.423095,49.074876],[2.422635,49.074028],[2.422199,49.073176],[2.422096,49.072903],[2.422002,49.072627],[2.421604,49.071503],[2.421411,49.070943],[2.421249,49.070378],[2.421194,49.070098],[2.421158,49.069817],[2.421143,49.069535],[2.421158,49.069254],[2.421208,49.068973],[2.421279,49.068692],[2.421351,49.068412],[2.421405,49.06813],[2.421428,49.06785],[2.421432,49.067569],[2.421432,49.067287],[2.421445,49.067006],[2.421481,49.066724],[2.421537,49.066443],[2.421674,49.065883],[2.42198,49.064759],[2.422346,49.063635],[2.422738,49.062512],[2.422979,49.06183],[2.423139,49.061388],[2.423346,49.060823],[2.423588,49.060265],[2.423909,49.059703],[2.424238,49.059141],[2.424508,49.058578],[2.424641,49.058297],[2.424786,49.058018],[2.424964,49.057731],[2.425161,49.057448],[2.425594,49.056895],[2.426071,49.056325],[2.426476,49.055772],[2.427403,49.054649],[2.428409,49.053526],[2.429158,49.05276],[2.429546,49.052403],[2.430878,49.05128],[2.432242,49.050207],[2.432318,49.050158],[2.433091,49.049596],[2.433865,49.049035],[2.434211,49.04882],[2.434572,49.048615],[2.435325,49.04823],[2.435679,49.048069],[2.436039,49.047913],[2.438405,49.047009],[2.439083,49.046792],[2.441485,49.046033],[2.442838,49.045672],[2.444565,49.045204],[2.44563,49.044939],[2.447092,49.044551],[2.447644,49.044419],[2.448021,49.044349],[2.448403,49.04429],[2.449175,49.044191],[2.450723,49.044002],[2.453662,49.043484],[2.453801,49.043459],[2.453997,49.043433],[2.45688,49.043063],[2.459958,49.042768],[2.461495,49.042619],[2.463036,49.042506],[2.463675,49.042496],[2.464315,49.042507],[2.468205,49.042724],[2.468697,49.04273],[2.469191,49.042736],[2.469652,49.042771],[2.469998,49.042855],[2.470521,49.042932],[2.471059,49.042948],[2.471606,49.04293],[2.472157,49.042895],[2.473264,49.042806],[2.474368,49.042734],[2.475346,49.042714],[2.476886,49.042699],[2.477656,49.042702],[2.478424,49.042726],[2.479195,49.042786],[2.479963,49.042866],[2.481501,49.043027],[2.484578,49.043236],[2.486719,49.043455],[2.487188,49.043504],[2.487655,49.04356],[2.488437,49.043689],[2.48921,49.043844],[2.490732,49.044202],[2.491128,49.044313],[2.491512,49.044439],[2.491886,49.044582],[2.493107,49.045016],[2.493575,49.045187],[2.493809,49.045243],[2.494185,49.045288],[2.49457,49.045301],[2.494958,49.0453],[2.495348,49.045301],[2.495738,49.045315],[2.496125,49.045343],[2.496508,49.045384],[2.496887,49.045439],[2.497444,49.045553],[2.497981,49.045708],[2.498551,49.045892],[2.498889,49.045933],[2.499242,49.045933],[2.499602,49.045912],[2.499964,49.045887],[2.501379,49.04586],[2.502779,49.045902],[2.503359,49.045943],[2.506119,49.046297],[2.508102,49.046512],[2.509352,49.046611],[2.510596,49.046735],[2.511016,49.046798],[2.511435,49.046868],[2.511853,49.046937],[2.512274,49.046998],[2.513035,49.047071],[2.513803,49.047117],[2.515345,49.047181],[2.516889,49.047228],[2.51766,49.047239],[2.51843,49.047229],[2.518816,49.047209],[2.519202,49.047182],[2.519972,49.047115],[2.52151,49.04696],[2.523048,49.046812],[2.523817,49.046758],[2.524202,49.046743],[2.524586,49.046743],[2.524966,49.046762],[2.525346,49.046792],[2.526108,49.046853],[2.526862,49.046879],[2.527617,49.046875],[2.528369,49.046846],[2.528741,49.046817],[2.529111,49.046774],[2.52952,49.046706],[2.529926,49.046626],[2.530332,49.046549],[2.530742,49.046487],[2.531254,49.046448],[2.531773,49.046437],[2.532295,49.04644],[2.532818,49.04645],[2.533368,49.046462],[2.533915,49.046481],[2.53446,49.046515],[2.534999,49.046579],[2.535473,49.046673],[2.535945,49.046777],[2.536418,49.046862],[2.536897,49.046894],[2.537281,49.046866],[2.537664,49.046847],[2.538308,49.046937],[2.542448,49.047525],[2.542788,49.04758],[2.543053,49.047631],[2.543225,49.047716],[2.543334,49.047762],[2.543781,49.047875],[2.544247,49.047967],[2.544678,49.048101],[2.545088,49.048272],[2.545487,49.048461],[2.545881,49.048656],[2.546274,49.048844],[2.546671,49.049014],[2.547079,49.049146],[2.547505,49.049212],[2.547917,49.049193],[2.548345,49.049131],[2.548778,49.049069],[2.549209,49.04905],[2.549606,49.049091],[2.55096,49.049274],[2.55163,49.049377],[2.551961,49.049436],[2.552287,49.049505],[2.552886,49.049664],[2.553474,49.049845],[2.554648,49.050215],[2.555011,49.050321],[2.555365,49.050437],[2.5558,49.050623],[2.556216,49.050831],[2.556632,49.051038],[2.557065,49.051221],[2.557483,49.051349],[2.55792,49.051451],[2.558369,49.051536],[2.558825,49.051611],[2.560676,49.051844],[2.561099,49.051878],[2.561522,49.051902],[2.564598,49.051899],[2.567678,49.051836],[2.570759,49.051727],[2.573834,49.05158],[2.576914,49.051279],[2.57999,49.050959],[2.581627,49.050808],[2.586146,49.050325],[2.587523,49.050208],[2.592302,49.049854],[2.594675,49.049772],[2.598458,49.049644],[2.599996,49.049544],[2.601536,49.049462],[2.603074,49.049464],[2.604614,49.049491],[2.607692,49.049522],[2.609232,49.049603],[2.610001,49.04964],[2.61077,49.049651],[2.611155,49.049637],[2.61154,49.049614],[2.612309,49.049552],[2.613078,49.049489],[2.613848,49.049447],[2.614617,49.049447],[2.615386,49.049473],[2.616926,49.049549],[2.620004,49.04974],[2.621543,49.049915],[2.622311,49.050002],[2.623083,49.050065],[2.623849,49.050083],[2.624619,49.050077],[2.626161,49.050046],[2.627702,49.05004],[2.629239,49.050078],[2.629909,49.050128],[2.630579,49.050185],[2.632317,49.050306],[2.635396,49.050532],[2.637349,49.050591],[2.637868,49.050622],[2.639113,49.050645],[2.641552,49.050698],[2.643929,49.050687],[2.645346,49.050696],[2.647709,49.050802],[2.649778,49.050907],[2.651852,49.050946],[2.653865,49.051012],[2.655781,49.051014],[2.658153,49.051045],[2.660022,49.051073],[2.661779,49.051124],[2.664415,49.051116],[2.665297,49.051143],[2.666178,49.051163],[2.667063,49.051145],[2.667947,49.051109],[2.67047,49.051036],[2.671759,49.051062],[2.672334,49.051075],[2.675412,49.051032],[2.678491,49.051132],[2.680752,49.051262],[2.681569,49.051312],[2.684265,49.051398],[2.684648,49.051406],[2.687726,49.051499],[2.689269,49.051509],[2.690039,49.05152],[2.690423,49.051533],[2.690805,49.051556],[2.691192,49.051592],[2.691577,49.051637],[2.692346,49.051744],[2.693884,49.051961],[2.696963,49.052272],[2.697074,49.052285],[2.698398,49.052364],[2.701813,49.052599],[2.703121,49.052707],[2.70928,49.053487],[2.711036,49.053629],[2.713267,49.053929],[2.715439,49.054219],[2.717952,49.054585],[2.718519,49.05468],[2.721599,49.055339],[2.723923,49.0557],[2.724304,49.05576],[2.724679,49.055828],[2.725078,49.055919],[2.725469,49.056023],[2.72624,49.056253],[2.727761,49.056747],[2.727973,49.056818],[2.730844,49.057897],[2.730946,49.057937],[2.731442,49.058187],[2.731897,49.058473],[2.732793,49.059058],[2.733929,49.059651],[2.734233,49.059803],[2.73453,49.059961],[2.734869,49.060166],[2.735202,49.060375],[2.736775,49.0613],[2.737479,49.061776],[2.738614,49.06259],[2.739155,49.063011],[2.739637,49.063459],[2.739715,49.063543],[2.740103,49.063878],[2.741169,49.064817],[2.742164,49.065787],[2.743142,49.066901],[2.744079,49.068032],[2.744967,49.069144],[2.745784,49.070277],[2.745913,49.070499],[2.746035,49.070723],[2.746289,49.071169],[2.746773,49.071848],[2.747278,49.072522],[2.748634,49.074768],[2.749195,49.075895],[2.749785,49.077014],[2.750161,49.077579],[2.750564,49.078137],[2.751349,49.079259],[2.751937,49.080333],[2.75249,49.081415],[2.752538,49.081505],[2.753275,49.082628],[2.75366,49.083185],[2.754009,49.083751],[2.754148,49.084027],[2.754272,49.084308],[2.7545,49.084873],[2.75473,49.085438],[2.754995,49.085997],[2.755162,49.086279],[2.755344,49.086558],[2.755723,49.087113],[2.755907,49.087391],[2.756079,49.08767],[2.756226,49.087953],[2.756333,49.088243],[2.756381,49.08852],[2.756393,49.088802],[2.756386,49.089087],[2.756371,49.089374],[2.756358,49.089659],[2.756357,49.089942],[2.756381,49.09022],[2.75645,49.09049],[2.7566,49.090781],[2.756803,49.091062],[2.757036,49.091338],[2.757285,49.091611],[2.757788,49.092161],[2.758023,49.092443],[2.758229,49.092735],[2.758445,49.093125],[2.758701,49.093486],[2.75906,49.093749],[2.759504,49.093965],[2.759994,49.094155],[2.760508,49.094332],[2.762651,49.094975],[2.763204,49.09512],[2.763758,49.09525],[2.764314,49.09535],[2.764871,49.095398],[2.765213,49.095387],[2.765554,49.095351],[2.765897,49.095299],[2.76624,49.095237],[2.766928,49.0951],[2.767621,49.094966],[2.7685,49.094829],[2.769377,49.094704],[2.770234,49.094559],[2.770643,49.094466],[2.771028,49.094345],[2.771382,49.094185],[2.771712,49.093997],[2.772335,49.093578],[2.772942,49.093139],[2.773559,49.092706],[2.775403,49.091609],[2.776324,49.091066],[2.776764,49.090781],[2.777172,49.090477],[2.777203,49.090451],[2.779473,49.088198],[2.780772,49.087075],[2.782059,49.085945],[2.782409,49.085584],[2.782737,49.085213],[2.78304,49.084833],[2.783305,49.084443],[2.783505,49.084067],[2.783711,49.083694],[2.783924,49.083401],[2.784167,49.083118],[2.784693,49.082564],[2.785223,49.082011],[2.785472,49.08173],[2.785695,49.081442],[2.785866,49.081169],[2.786014,49.080891],[2.786279,49.080324],[2.786535,49.079754],[2.786819,49.079191],[2.787184,49.078621],[2.787585,49.07806],[2.788399,49.07694],[2.789421,49.075306],[2.789722,49.074689],[2.790885,49.072439],[2.792099,49.070188],[2.793546,49.067937],[2.794708,49.065686],[2.795526,49.06444],[2.796081,49.063435],[2.796815,49.06231],[2.797717,49.061184],[2.798584,49.060289],[2.798833,49.060057],[2.799198,49.059762],[2.799588,49.05948],[2.800394,49.05893],[2.801652,49.058105],[2.801925,49.057949],[2.80221,49.057802],[2.802809,49.057544],[2.803434,49.057313],[2.804724,49.056896],[2.805132,49.056779],[2.805545,49.05667],[2.807799,49.056192],[2.810875,49.05572],[2.812555,49.055531],[2.813951,49.055379],[2.817028,49.055152],[2.820106,49.054954],[2.82449,49.054702],[2.825375,49.054643],[2.82626,49.054596],[2.829338,49.054579],[2.832417,49.054583],[2.838475,49.054344],[2.838561,49.05434],[2.838567,49.05434],[2.838577,49.05434],[2.838835,49.054343],[2.844729,49.054413],[2.850886,49.054376],[2.857044,49.054579],[2.862657,49.054479],[2.862922,49.054483],[2.863491,49.054491],[2.869357,49.054549],[2.875093,49.054553],[2.875955,49.054566],[2.881672,49.054813],[2.887032,49.054793],[2.888681,49.054829],[2.893986,49.054952],[2.899231,49.05484],[2.901136,49.054895],[2.903719,49.055065],[2.906301,49.05522],[2.90863,49.055234],[2.910961,49.055232],[2.914066,49.055303],[2.918616,49.055357],[2.923045,49.055361],[2.926643,49.055454],[2.930931,49.055575],[2.935108,49.055505],[2.939247,49.055623],[2.943244,49.055571],[2.947408,49.055473],[2.951539,49.055565],[2.953549,49.055689],[2.95556,49.055797],[2.9574,49.0558],[2.959242,49.055784],[2.964301,49.055846],[2.967873,49.055796],[2.971731,49.05561],[2.976334,49.055598],[2.980185,49.055586],[2.984125,49.055504],[2.986315,49.055488],[2.988502,49.055448],[2.989501,49.055384],[2.990498,49.055304],[2.991496,49.055226],[2.992495,49.055173],[2.993035,49.055165],[2.993576,49.055169],[2.994658,49.055182],[2.996831,49.055166],[3.000437,49.055127],[3.001361,49.055145],[3.002283,49.055142],[3.002868,49.055107],[3.003453,49.05507],[3.004807,49.055049],[3.010961,49.054746],[3.017112,49.05413],[3.018268,49.053966],[3.018839,49.053867],[3.019402,49.053747],[3.019791,49.053646],[3.020184,49.053558],[3.020559,49.053508],[3.020943,49.053483],[3.021331,49.053472],[3.021721,49.053468],[3.023261,49.053371]],[[2.832238,49.040871],[2.83205,49.041072],[2.831748,49.041204],[2.831381,49.041296],[2.830976,49.041365],[2.830118,49.041472],[2.829265,49.041572],[2.827821,49.041802],[2.826409,49.04201],[2.82619,49.042029],[2.823113,49.042147],[2.821575,49.042266],[2.820807,49.042324],[2.820422,49.042344],[2.820037,49.042352],[2.819469,49.042337],[2.8189,49.042322],[2.818355,49.042337],[2.817812,49.042372],[2.816725,49.042468],[2.814554,49.042672],[2.813884,49.042737],[2.813395,49.042807],[2.809951,49.043172],[2.808843,49.043277],[2.807732,49.043346],[2.807498,49.043349],[2.804925,49.04353],[2.802358,49.043759],[2.801579,49.043822],[2.800614,49.043898],[2.796844,49.044237],[2.795426,49.044412],[2.792347,49.044732],[2.789274,49.04507],[2.788117,49.045263],[2.786963,49.04547],[2.783124,49.046108],[2.776972,49.047082],[2.773474,49.047746],[2.772152,49.04807],[2.771491,49.048233],[2.771158,49.048309],[2.770822,49.048378],[2.770065,49.0485],[2.769299,49.0486],[2.767759,49.048783],[2.766216,49.048959],[2.76467,49.049113],[2.762672,49.049221],[2.76067,49.049288],[2.758514,49.049267],[2.755436,49.049101],[2.753202,49.048908],[2.752357,49.048841],[2.749277,49.048525],[2.746198,49.048245],[2.743119,49.047811],[2.743034,49.047801],[2.740039,49.047482],[2.73696,49.047175],[2.733881,49.046862],[2.732319,49.046695],[2.730802,49.046539],[2.727723,49.046259],[2.724644,49.045946],[2.721566,49.045723],[2.720343,49.04559],[2.718487,49.045412],[2.715409,49.045263],[2.71233,49.045114],[2.709252,49.045011],[2.706174,49.044751],[2.703095,49.044542],[2.702972,49.044535],[2.702232,49.044491],[2.700017,49.044365],[2.696939,49.044256],[2.693861,49.044086],[2.690782,49.043867],[2.687704,49.043729],[2.686836,49.043704],[2.684627,49.043641],[2.681548,49.043489],[2.679908,49.043395],[2.67847,49.043319],[2.675392,49.043189],[2.672315,49.043189],[2.672032,49.043197],[2.666634,49.043063],[2.666159,49.043039],[2.665614,49.043013],[2.660757,49.042865],[2.660003,49.042822],[2.656925,49.042699],[2.653848,49.042577],[2.65077,49.042458],[2.647692,49.042388],[2.646229,49.04236],[2.643194,49.042221],[2.641536,49.04213],[2.639656,49.042061],[2.6374,49.041961],[2.636518,49.041898],[2.635381,49.041815],[2.632302,49.041538],[2.629224,49.041235],[2.628826,49.041195],[2.626146,49.040913],[2.623069,49.040683],[2.619991,49.04032],[2.617697,49.040078],[2.616913,49.040011],[2.613835,49.039735],[2.610757,49.039422],[2.607679,49.039097],[2.60719,49.039049],[2.60633,49.03896],[2.604601,49.038792],[2.603063,49.038648],[2.601524,49.038508],[2.600027,49.038401],[2.599985,49.038398],[2.599891,49.038401],[2.599168,49.038446],[2.598807,49.038458],[2.598446,49.038454],[2.598229,49.038442],[2.595369,49.038289],[2.592291,49.038213],[2.589214,49.038135],[2.586137,49.038174],[2.583059,49.038227],[2.579982,49.03837],[2.576905,49.038567],[2.573828,49.038929],[2.573774,49.038933],[2.572575,49.038972],[2.568495,49.039123],[2.568084,49.039152],[2.567673,49.039172],[2.567171,49.03917],[2.566668,49.039157],[2.564084,49.039204],[2.562794,49.039231],[2.562153,49.039226],[2.561518,49.039185],[2.560929,49.03909],[2.560342,49.038974],[2.559389,49.038808],[2.558441,49.038637],[2.5569,49.038262],[2.555363,49.037878],[2.555335,49.037871],[2.555253,49.037851],[2.552286,49.037173],[2.549775,49.036727],[2.549209,49.036626],[2.546131,49.035904],[2.54535,49.035746],[2.54466,49.035603],[2.543054,49.035285],[2.541537,49.035041],[2.541516,49.035038],[2.541496,49.035037],[2.541145,49.035041],[2.54056,49.035034],[2.539977,49.035049],[2.539593,49.03509],[2.539208,49.035134],[2.538824,49.035153],[2.538439,49.035152],[2.538053,49.035139],[2.537669,49.035133],[2.537285,49.035146],[2.5369,49.035166],[2.536714,49.035177],[2.536233,49.035245],[2.535753,49.035326],[2.535361,49.035378],[2.535,49.035474],[2.534637,49.03557],[2.534567,49.035584],[2.534553,49.035588],[2.53451,49.035602],[2.534174,49.035736],[2.533823,49.035826],[2.533673,49.035828],[2.53336,49.035826],[2.532853,49.035749],[2.53229,49.035602],[2.532284,49.035601],[2.531515,49.035427],[2.531107,49.035321],[2.530746,49.035222],[2.530404,49.035161],[2.530053,49.035124],[2.529343,49.035064],[2.529207,49.035051],[2.528685,49.035032],[2.528159,49.035039],[2.527676,49.035034],[2.527669,49.035034],[2.527574,49.035039],[2.52685,49.035086],[2.526489,49.035103],[2.52613,49.035129],[2.525743,49.035176],[2.525359,49.035235],[2.524591,49.035358],[2.523053,49.035553],[2.522735,49.0356],[2.52212,49.035698],[2.521514,49.035812],[2.52085,49.035977],[2.520196,49.036162],[2.519975,49.036227],[2.519659,49.036328],[2.519355,49.03644],[2.519054,49.036568],[2.518752,49.036723],[2.518436,49.036852],[2.518127,49.036723],[2.517828,49.036564],[2.517527,49.036432],[2.517219,49.036326],[2.516898,49.036247],[2.516528,49.036195],[2.516142,49.036169],[2.515751,49.036162],[2.515359,49.036171],[2.514588,49.036227],[2.514205,49.036261],[2.513821,49.036292],[2.51305,49.036325],[2.512664,49.036324],[2.512282,49.036302],[2.511719,49.036229],[2.511155,49.036159],[2.510743,49.036135],[2.510355,49.036093],[2.509971,49.036033],[2.509589,49.035965],[2.509205,49.035895],[2.508824,49.035831],[2.50844,49.035777],[2.508054,49.035741],[2.507667,49.035736],[2.507278,49.035773],[2.50689,49.035829],[2.506505,49.035874],[2.506128,49.035879],[2.50554,49.035759],[2.504955,49.035595],[2.504589,49.035521],[2.503822,49.035342],[2.503439,49.035251],[2.503051,49.035169],[2.502599,49.035096],[2.502143,49.035032],[2.501513,49.034946],[2.501131,49.034913],[2.500746,49.034892],[2.499974,49.034855],[2.498179,49.034702],[2.496897,49.034625],[2.494715,49.034467],[2.493821,49.034414],[2.490744,49.03419],[2.487667,49.03393],[2.48459,49.033721],[2.481513,49.0335],[2.480156,49.033335],[2.478669,49.033165],[2.478437,49.033145],[2.478157,49.03313],[2.475754,49.033045],[2.47536,49.033038],[2.472283,49.032936],[2.469206,49.032903],[2.466129,49.032898],[2.463052,49.032906],[2.459975,49.03294],[2.456898,49.033006],[2.453821,49.033151],[2.45161,49.033315],[2.450743,49.033387],[2.447666,49.033653],[2.444588,49.034078],[2.442517,49.034431],[2.44151,49.034615],[2.438431,49.035293],[2.437827,49.035441],[2.435225,49.036133],[2.433288,49.03667],[2.432836,49.036773],[2.432273,49.036937],[2.42808,49.038148],[2.426114,49.038786],[2.425689,49.038911],[2.424346,49.039334],[2.423034,49.039797],[2.422477,49.040031],[2.420217,49.041153],[2.419953,49.041289],[2.41827,49.042171],[2.416169,49.043396],[2.414684,49.044355],[2.414278,49.044607],[2.414026,49.044818],[2.413788,49.045038],[2.413389,49.045351],[2.41295,49.045641],[2.412315,49.045996],[2.411993,49.04617],[2.411679,49.04635],[2.411114,49.046717],[2.410573,49.0471],[2.409519,49.047885],[2.40762,49.049353],[2.406689,49.04996],[2.40646,49.050129],[2.403423,49.052373],[2.402445,49.053197],[2.40145,49.054011],[2.401012,49.054318],[2.400561,49.054618],[2.397271,49.056861],[2.395281,49.058267],[2.394343,49.058935],[2.394123,49.059105],[2.393725,49.059388],[2.391836,49.060723],[2.391015,49.061349],[2.389653,49.062372],[2.389442,49.062532],[2.389109,49.062855],[2.388869,49.063056],[2.388603,49.063243],[2.388322,49.063422],[2.38803,49.063593],[2.386856,49.064198],[2.383656,49.065835],[2.38294,49.06625],[2.38021,49.067581],[2.379332,49.068077],[2.377358,49.069091],[2.377039,49.069246],[2.376771,49.069393],[2.374952,49.070318],[2.373686,49.070992],[2.372793,49.071439],[2.370666,49.07256],[2.370628,49.072579],[2.37047,49.072655],[2.370325,49.07271],[2.367981,49.073684],[2.366818,49.074179],[2.366228,49.074416],[2.365927,49.074526],[2.365619,49.074627],[2.365034,49.074783],[2.364434,49.07492],[2.363674,49.07509],[2.362912,49.075254],[2.362143,49.075397],[2.361752,49.07545],[2.361352,49.075479],[2.360937,49.075473],[2.360514,49.07544],[2.359672,49.075327],[2.359266,49.075248],[2.358884,49.07515],[2.358543,49.075019],[2.358275,49.074835],[2.358233,49.074788],[2.358032,49.074519],[2.357866,49.074239],[2.357723,49.073953],[2.3576,49.073663],[2.357427,49.073104],[2.357308,49.072539],[2.357208,49.071415],[2.357169,49.070291],[2.357183,49.069167],[2.357167,49.068604],[2.357171,49.068042],[2.357241,49.067481],[2.357326,49.066919],[2.357408,49.065795],[2.357451,49.064671],[2.357509,49.063547],[2.357592,49.063016],[2.358358,49.059052],[2.359525,49.055417],[2.359563,49.055223],[2.359617,49.055021],[2.359661,49.054798],[2.359657,49.054558],[2.359778,49.054298],[2.360288,49.053526],[2.360529,49.053139],[2.360724,49.052744],[2.360867,49.052312],[2.3611,49.051813],[2.361712,49.050676],[2.361856,49.05037],[2.362009,49.050066],[2.362254,49.049682],[2.362535,49.049307],[2.363044,49.048672],[2.363621,49.047821],[2.364413,49.046721],[2.364447,49.046681],[2.364538,49.046498],[2.364646,49.046258],[2.364776,49.046025],[2.364924,49.045797],[2.365091,49.045575],[2.365344,49.045289],[2.365617,49.045011],[2.365893,49.044734],[2.36616,49.044453],[2.366619,49.043896],[2.367049,49.04333],[2.36763,49.042571],[2.367917,49.042207],[2.368709,49.041085],[2.370169,49.039241],[2.370503,49.038839],[2.370722,49.038565],[2.371446,49.037713],[2.371803,49.037286],[2.372126,49.036849],[2.372283,49.036594],[2.372498,49.036271],[2.373554,49.034863],[2.373908,49.034348],[2.374836,49.032845],[2.375048,49.032551],[2.375308,49.032102],[2.375611,49.031543],[2.37589,49.030979],[2.376098,49.030422],[2.376181,49.03014],[2.376248,49.029856],[2.376314,49.029294],[2.376313,49.029012],[2.37628,49.028732],[2.376196,49.028439],[2.376072,49.02815],[2.375914,49.027871],[2.375712,49.027607],[2.375371,49.027299],[2.374977,49.027015],[2.374558,49.026743],[2.374128,49.026481],[2.373842,49.026317],[2.37285,49.025824],[2.371832,49.025353],[2.370771,49.024864],[2.369982,49.024532],[2.369172,49.024225],[2.368441,49.02399],[2.367698,49.02377],[2.365309,49.023095],[2.364625,49.022922],[2.363524,49.022677],[2.362409,49.022463],[2.361352,49.022309],[2.360291,49.022166],[2.358476,49.021881],[2.35731,49.021686],[2.35268,49.021085],[2.352326,49.021044],[2.350358,49.020822],[2.346717,49.020421],[2.346177,49.020392],[2.345527,49.020339],[2.341212,49.01994],[2.340026,49.019863],[2.338532,49.019709],[2.335702,49.019462],[2.333876,49.019314],[2.331603,49.019127],[2.330144,49.019019],[2.327726,49.018887],[2.324825,49.018655],[2.324509,49.018631],[2.323532,49.018526],[2.321576,49.018274],[2.318502,49.017848],[2.315428,49.017411],[2.315291,49.017385],[2.312355,49.016798],[2.309281,49.016352],[2.308652,49.016248],[2.306208,49.015735],[2.303135,49.015189],[2.302753,49.015111],[2.300063,49.014424],[2.299148,49.014208],[2.298242,49.013978],[2.297608,49.013775],[2.296991,49.013552],[2.29663,49.013412],[2.296318,49.013289],[2.296011,49.013159],[2.295723,49.013015],[2.295472,49.012848],[2.295457,49.012836],[2.295147,49.012576],[2.294886,49.012284],[2.294765,49.011988],[2.294832,49.011722],[2.295108,49.011576],[2.295464,49.011459],[2.295781,49.011313],[2.29608,49.011163],[2.296524,49.011008],[2.297005,49.010894],[2.297492,49.010807],[2.297983,49.010735],[2.29897,49.010607],[2.299654,49.01053],[2.300082,49.010498],[2.30316,49.010124],[2.306237,49.009816],[2.309314,49.009524],[2.309624,49.009506],[2.312209,49.009379],[2.312609,49.009352],[2.314038,49.009196],[2.314751,49.009114],[2.315467,49.009054],[2.316068,49.009039],[2.316672,49.00904],[2.31788,49.009038],[2.319287,49.008981],[2.321618,49.009014],[2.323899,49.008953],[2.325557,49.008907],[2.32777,49.008781],[2.32973,49.00873],[2.332021,49.008691],[2.333922,49.008604],[2.335621,49.00855],[2.338437,49.008509],[2.339256,49.008481],[2.340074,49.008466],[2.340896,49.008491],[2.341719,49.008522],[2.344618,49.008498],[2.346224,49.008493],[2.347836,49.008508],[2.350855,49.008446],[2.352376,49.008362],[2.358527,49.008349],[2.364678,49.008211],[2.365868,49.008229],[2.369802,49.008117],[2.37083,49.008053],[2.371732,49.008028],[2.376437,49.007774],[2.376982,49.007741],[2.37775,49.00773],[2.378519,49.00774],[2.380057,49.007765],[2.383133,49.007725],[2.384205,49.007728],[2.385081,49.007688],[2.386209,49.007679],[2.387398,49.007646],[2.388073,49.007632],[2.389284,49.007574],[2.391849,49.007398],[2.392197,49.007368],[2.39236,49.007349],[2.395437,49.00697],[2.396982,49.00675],[2.398514,49.006494],[2.398946,49.006399],[2.399365,49.006284],[2.39994,49.00607],[2.400491,49.005828],[2.401593,49.00534],[2.402053,49.005163],[2.402698,49.004915],[2.403338,49.004657],[2.403648,49.004521],[2.403945,49.004377],[2.404221,49.00422],[2.404462,49.004042],[2.404672,49.003827],[2.404894,49.003605],[2.405117,49.003385],[2.405318,49.003159],[2.405468,49.002919],[2.405538,49.002638],[2.405531,49.002346],[2.405458,49.002059],[2.405303,49.001795],[2.405022,49.001549],[2.404679,49.001331],[2.40407,49.000977],[2.403754,49.000814],[2.403422,49.000669],[2.402976,49.00052],[2.402513,49.000391],[2.402051,49.000259],[2.401608,49.000104],[2.401263,48.999946],[2.400913,48.999796],[2.400477,48.999674],[2.400021,48.999577],[2.395463,48.99841],[2.395463,48.99841],[2.395463,48.99841],[2.395463,48.99841],[2.389316,48.997457],[2.38317,48.996477],[2.382167,48.996327],[2.380851,48.996142],[2.377023,48.995635],[2.375039,48.995337],[2.372408,48.995002],[2.370877,48.994835],[2.369741,48.994708],[2.365133,48.994165],[2.36473,48.99412],[2.364433,48.994087],[2.362718,48.993867],[2.358584,48.993325],[2.352437,48.992625],[2.346292,48.991686],[2.345445,48.99159],[2.340147,48.990862],[2.337077,48.990301],[2.335544,48.990015],[2.334776,48.989879],[2.334003,48.989759],[2.333342,48.989684],[2.332678,48.989623],[2.331344,48.989514],[2.328674,48.989311],[2.328264,48.989283],[2.327856,48.989249],[2.324773,48.988827],[2.323237,48.988594],[2.321712,48.988337],[2.319031,48.987725],[2.3177,48.987399],[2.316394,48.987039],[2.315981,48.986898],[2.31557,48.986753],[2.314877,48.986528],[2.311009,48.985357],[2.307121,48.984215],[2.306298,48.984015],[2.305462,48.983837],[2.30329,48.983452],[2.301208,48.98301],[2.300175,48.982773],[2.29916,48.982507],[2.298806,48.982393],[2.298463,48.982265],[2.29781,48.981972],[2.297486,48.981823],[2.297151,48.981684],[2.296565,48.98149],[2.295954,48.981319],[2.294711,48.981],[2.294093,48.980839],[2.29349,48.980671],[2.292926,48.980483],[2.292454,48.980244],[2.292245,48.980051],[2.292082,48.979831],[2.291942,48.979596],[2.29181,48.979352],[2.291671,48.979102],[2.291511,48.97885],[2.291306,48.978595],[2.29102,48.978337],[2.290681,48.977993],[2.291023,48.977903],[2.291473,48.977828],[2.291891,48.977753],[2.292676,48.977603],[2.294183,48.977302],[2.297176,48.976706],[2.300025,48.976211],[2.301458,48.975973],[2.302901,48.975771],[2.303328,48.975734],[2.309476,48.975406],[2.315624,48.975207],[2.321771,48.975205],[2.327919,48.975027],[2.334066,48.975019],[2.340213,48.97487],[2.34636,48.974812],[2.352508,48.974517],[2.358656,48.974283],[2.364802,48.974322],[2.370949,48.974536],[2.377095,48.974524],[2.383242,48.974595],[2.389389,48.974516],[2.395536,48.974635],[2.401682,48.974626],[2.407829,48.97481],[2.413975,48.974925],[2.420122,48.975148],[2.426268,48.975251],[2.432415,48.975473],[2.438561,48.975705],[2.444708,48.975918],[2.450855,48.975903],[2.457002,48.975892],[2.460672,48.975998],[2.463062,48.976063],[2.463148,48.976065],[2.469295,48.976266],[2.475442,48.976475],[2.476127,48.97651],[2.480581,48.976748],[2.481588,48.976785],[2.482711,48.976834],[2.486319,48.97705],[2.487735,48.97714],[2.489449,48.977269],[2.491861,48.977495],[2.493882,48.977671],[2.496502,48.977936],[2.497315,48.978004],[2.497594,48.978034],[2.500028,48.978233],[2.500361,48.978269],[2.503102,48.978582],[2.506175,48.978927],[2.509248,48.979304],[2.510028,48.979396],[2.512322,48.979616],[2.515395,48.979896],[2.517612,48.980117],[2.518469,48.980205],[2.520006,48.980355],[2.521543,48.980491],[2.521878,48.980524],[2.522478,48.98059],[2.523079,48.980636],[2.523463,48.980639],[2.523847,48.980629],[2.524232,48.980615],[2.524616,48.980609],[2.525117,48.980622],[2.525617,48.980651],[2.526616,48.980721],[2.52769,48.980783],[2.530764,48.980888],[2.533838,48.98086],[2.536911,48.98072],[2.539985,48.980625],[2.542792,48.980527],[2.543059,48.980516],[2.546133,48.980345],[2.547669,48.980201],[2.548437,48.980129],[2.549207,48.980074],[2.549973,48.980053],[2.550742,48.980049],[2.55228,48.980059],[2.55382,48.980086],[2.554588,48.980108],[2.555354,48.980147],[2.556125,48.980216],[2.556892,48.980301],[2.558428,48.980474],[2.558966,48.980526],[2.560241,48.980641],[2.560875,48.980707],[2.561502,48.980792],[2.561893,48.980866],[2.56228,48.980951],[2.563048,48.981137],[2.564576,48.981524],[2.565085,48.981649],[2.56765,48.982248],[2.570259,48.982772],[2.570724,48.982862],[2.573799,48.983553],[2.575529,48.983895],[2.576593,48.9841],[2.576873,48.984154],[2.577318,48.98422],[2.579159,48.984471],[2.579947,48.984557],[2.580967,48.98464],[2.581949,48.984678],[2.583021,48.984689],[2.584057,48.984651],[2.584596,48.984629],[2.585132,48.984597],[2.585615,48.984547],[2.586095,48.984487],[2.589169,48.984144],[2.591416,48.98389],[2.592243,48.983787],[2.595316,48.983462],[2.59839,48.983228],[2.601464,48.983025],[2.603673,48.982761],[2.604105,48.982691],[2.604537,48.982644],[2.604917,48.982646],[2.605298,48.982676],[2.605681,48.982718],[2.606063,48.98276],[2.607612,48.982869],[2.610686,48.983064],[2.61376,48.983404],[2.61454,48.983475],[2.615321,48.983544],[2.616092,48.983631],[2.616469,48.983692],[2.616835,48.983777],[2.617147,48.983878],[2.618086,48.984206],[2.619036,48.984515],[2.61947,48.984631],[2.61991,48.984736],[2.621118,48.984999],[2.621447,48.985066],[2.622985,48.985311],[2.623632,48.985441],[2.62606,48.985907],[2.627245,48.986119],[2.629135,48.986432],[2.629699,48.986529],[2.631272,48.986802],[2.63221,48.986963],[2.633658,48.987173],[2.633809,48.987193],[2.634208,48.987238],[2.635285,48.98739],[2.636822,48.987611],[2.63836,48.987789],[2.638435,48.987797],[2.639897,48.987898],[2.641434,48.987954],[2.642972,48.987998],[2.644509,48.988026],[2.645277,48.988049],[2.646046,48.988058],[2.646814,48.988029],[2.647583,48.988001],[2.648874,48.988024],[2.650657,48.988007],[2.653731,48.988002],[2.656806,48.988016],[2.65988,48.988047],[2.662954,48.988129],[2.666029,48.988225],[2.669103,48.988273],[2.670643,48.988274],[2.672178,48.988322],[2.672238,48.988327],[2.675253,48.988574],[2.678327,48.988695],[2.681402,48.988817],[2.684477,48.988976],[2.687551,48.989086],[2.690626,48.989258],[2.693701,48.989407],[2.694183,48.989425],[2.695481,48.989465],[2.696775,48.98952],[2.698314,48.98966],[2.699851,48.989812],[2.702926,48.990018],[2.706001,48.990216],[2.709076,48.990415],[2.71014,48.990528],[2.712151,48.99073],[2.715227,48.991076],[2.718302,48.991366],[2.721377,48.991576],[2.722052,48.991634],[2.724453,48.991825],[2.727528,48.991989],[2.730603,48.992142],[2.733678,48.992267],[2.736753,48.992471],[2.739828,48.99266],[2.740899,48.992728],[2.742903,48.992851],[2.745978,48.992973],[2.749054,48.993161],[2.752129,48.993314],[2.755204,48.993464],[2.758279,48.993631],[2.758528,48.993639],[2.761306,48.993816],[2.763462,48.993989],[2.764431,48.994072],[2.770582,48.994494],[2.776733,48.994918],[2.782884,48.995309],[2.789036,48.995746],[2.793987,48.995999],[2.795187,48.996067],[2.801338,48.996524],[2.807489,48.996798],[2.813641,48.997135],[2.819791,48.99734],[2.825942,48.997622],[2.82902,48.997729],[2.832093,48.997858],[2.833484,48.99799],[2.834868,48.998152],[2.836556,48.99839],[2.837399,48.998508],[2.838247,48.998608],[2.839785,48.998705],[2.84133,48.998774],[2.842873,48.998845],[2.843641,48.998893],[2.844022,48.998925],[2.844399,48.99897],[2.844765,48.99903],[2.845126,48.9991],[2.845844,48.99926],[2.847271,48.999604],[2.848691,48.999961],[2.849394,49.000149],[2.850079,49.000361],[2.850559,49.000537],[2.853618,49.001455],[2.85672,49.002329],[2.857131,49.002446],[2.857512,49.002589],[2.857861,49.002805],[2.858161,49.003061],[2.858434,49.003338],[2.858687,49.003627],[2.858923,49.003921],[2.859131,49.00422],[2.859294,49.004524],[2.859369,49.004832],[2.859297,49.005183],[2.85911,49.005524],[2.858783,49.005903],[2.858409,49.006263],[2.857926,49.0067],[2.857663,49.006904],[2.85737,49.007086],[2.857069,49.007222],[2.856751,49.007345],[2.855647,49.00779],[2.854534,49.008217],[2.854111,49.008352],[2.853682,49.008478],[2.852159,49.008911],[2.851392,49.009118],[2.850612,49.0093],[2.850326,49.009353],[2.847278,49.009742],[2.844466,49.01026],[2.842236,49.010606],[2.840376,49.010882],[2.83794,49.01116],[2.835507,49.011448],[2.834552,49.011608],[2.833608,49.011794],[2.832894,49.011952],[2.832175,49.012097],[2.831615,49.012179],[2.831054,49.012258],[2.830145,49.012415],[2.820431,49.013521],[2.820141,49.013542],[2.81988,49.013555],[2.819627,49.013556],[2.819402,49.013577],[2.815918,49.013934],[2.808541,49.014652],[2.808094,49.0147],[2.807583,49.01478],[2.807012,49.014789],[2.806392,49.014827],[2.797437,49.01555],[2.796391,49.015597],[2.795838,49.015651],[2.795284,49.015701],[2.794689,49.015716],[2.794093,49.015724],[2.792797,49.015804],[2.785952,49.01617],[2.784921,49.016188],[2.78446,49.016225],[2.784001,49.016244],[2.783492,49.016199],[2.782982,49.016136],[2.7826,49.016113],[2.782217,49.016108],[2.781832,49.016114],[2.781447,49.016126],[2.779906,49.016187],[2.776831,49.01623],[2.773755,49.016265],[2.773633,49.016273],[2.772157,49.016404],[2.771419,49.016471],[2.77068,49.01652],[2.769912,49.016535],[2.769143,49.016531],[2.767604,49.01653],[2.764529,49.016703],[2.761454,49.016898],[2.759373,49.017061],[2.758379,49.017122],[2.755303,49.017343],[2.754082,49.017434],[2.752229,49.01765],[2.750692,49.017844],[2.749154,49.01807],[2.748703,49.018162],[2.74826,49.018271],[2.747843,49.018402],[2.747474,49.018569],[2.747153,49.018808],[2.746863,49.019072],[2.746534,49.019324],[2.746084,49.019516],[2.745555,49.019609],[2.745232,49.019697],[2.74555,49.019917],[2.746087,49.020234],[2.746235,49.020529],[2.746307,49.020819],[2.746654,49.021168],[2.747187,49.021457],[2.74779,49.021714],[2.748413,49.02194],[2.748791,49.022054],[2.749171,49.022154],[2.75225,49.022812],[2.753205,49.023055],[2.754272,49.023305],[2.754804,49.023431],[2.755329,49.02357],[2.755814,49.023722],[2.756293,49.023882],[2.756774,49.024037],[2.757267,49.024172],[2.757833,49.02428],[2.758409,49.024372],[2.761488,49.024967],[2.762951,49.025285],[2.764567,49.025575],[2.767646,49.026093],[2.770096,49.026396],[2.770725,49.026492],[2.771119,49.026576],[2.771507,49.026672],[2.772274,49.026882],[2.773805,49.027312],[2.774593,49.027511],[2.776885,49.028031],[2.778663,49.028453],[2.780619,49.028987],[2.781109,49.029118],[2.781602,49.029243],[2.782102,49.029352],[2.782618,49.029431],[2.783045,49.029491],[2.783284,49.029567],[2.783445,49.029595],[2.784649,49.029762],[2.785845,49.02994],[2.790541,49.03089],[2.795229,49.031866],[2.795306,49.031879],[2.795364,49.031885],[2.795412,49.031895],[2.795449,49.031902],[2.795741,49.031964],[2.804965,49.033929],[2.806111,49.034116],[2.807235,49.034351],[2.807401,49.034394],[2.807685,49.034419],[2.808225,49.034578],[2.810169,49.035044],[2.812163,49.035403],[2.813846,49.035635],[2.816348,49.035992],[2.817311,49.03613],[2.818905,49.036407],[2.820006,49.036648],[2.823087,49.037356],[2.824009,49.037519],[2.826168,49.038015],[2.827612,49.038292],[2.827971,49.038363],[2.828326,49.038439],[2.828674,49.038526],[2.82901,49.038631],[2.829249,49.038722],[2.829949,49.038958],[2.830667,49.039181],[2.831017,49.039298],[2.831351,49.039425],[2.831657,49.03957],[2.831913,49.039748],[2.832115,49.040001],[2.83224,49.040288],[2.832289,49.040584],[2.832238,49.040871]]]]}},{"type":"Feature","properties":{"ZONE":"C","CODE_OACI":"LFPG","NOM":"P. CH. DE GAULLE","INDLDENEXT":"56","INDLDENINT":"65","DATE_ARRET":"2007/04/03","REF_DOC":"http://piece-jointe-carto.developpement-durable.gouv.fr/NAT003/PEB/PEB_LFPG_03_04_2007.pdf"},"geometry":{"type":"MultiPolygon","coordinates":[[[[2.832238,49.040871],[2.832289,49.040584],[2.83224,49.040288],[2.832115,49.040001],[2.831913,49.039748],[2.831657,49.03957],[2.831351,49.039425],[2.831017,49.039298],[2.830667,49.039181],[2.829949,49.038958],[2.829249,49.038722],[2.82901,49.038631],[2.828674,49.038526],[2.828326,49.038439],[2.827971,49.038363],[2.827612,49.038292],[2.826168,49.038015],[2.824009,49.037519],[2.823087,49.037356],[2.820006,49.036648],[2.818905,49.036407],[2.817311,49.03613],[2.816348,49.035992],[2.813846,49.035635],[2.812163,49.035403],[2.810169,49.035044],[2.808225,49.034578],[2.807685,49.034419],[2.807401,49.034394],[2.807235,49.034351],[2.806111,49.034116],[2.804965,49.033929],[2.795741,49.031964],[2.795449,49.031902],[2.795412,49.031895],[2.795364,49.031885],[2.795306,49.031879],[2.795229,49.031866],[2.790541,49.03089],[2.785845,49.02994],[2.784649,49.029762],[2.783445,49.029595],[2.783284,49.029567],[2.783045,49.029491],[2.782618,49.029431],[2.782102,49.029352],[2.781602,49.029243],[2.781109,49.029118],[2.780619,49.028987],[2.778663,49.028453],[2.776885,49.028031],[2.774593,49.027511],[2.773805,49.027312],[2.772274,49.026882],[2.771507,49.026672],[2.771119,49.026576],[2.770725,49.026492],[2.770096,49.026396],[2.767646,49.026093],[2.764567,49.025575],[2.762951,49.025285],[2.761488,49.024967],[2.758409,49.024372],[2.757833,49.02428],[2.757267,49.024172],[2.756774,49.024037],[2.756293,49.023882],[2.755814,49.023722],[2.755329,49.02357],[2.754804,49.023431],[2.754272,49.023305],[2.753205,49.023055],[2.75225,49.022812],[2.749171,49.022154],[2.748791,49.022054],[2.748413,49.02194],[2.74779,49.021714],[2.747187,49.021457],[2.746654,49.021168],[2.746307,49.020819],[2.746235,49.020529],[2.746087,49.020234],[2.74555,49.019917],[2.745232,49.019697],[2.745555,49.019609],[2.746084,49.019516],[2.746534,49.019324],[2.746863,49.019072],[2.747153,49.018808],[2.747474,49.018569],[2.747843,49.018402],[2.74826,49.018271],[2.748703,49.018162],[2.749154,49.01807],[2.750692,49.017844],[2.752229,49.01765],[2.754082,49.017434],[2.755303,49.017343],[2.758379,49.017122],[2.759373,49.017061],[2.761454,49.016898],[2.764529,49.016703],[2.767604,49.01653],[2.769143,49.016531],[2.769912,49.016535],[2.77068,49.01652],[2.771419,49.016471],[2.772157,49.016404],[2.773633,49.016273],[2.773755,49.016265],[2.776831,49.01623],[2.779906,49.016187],[2.781447,49.016126],[2.781832,49.016114],[2.782217,49.016108],[2.7826,49.016113],[2.782982,49.016136],[2.783492,49.016199],[2.784001,49.016244],[2.78446,49.016225],[2.784921,49.016188],[2.785952,49.01617],[2.792797,49.015804],[2.794093,49.015724],[2.794689,49.015716],[2.795284,49.015701],[2.795838,49.015651],[2.796391,49.015597],[2.797437,49.01555],[2.806392,49.014827],[2.807012,49.014789],[2.807583,49.01478],[2.808094,49.0147],[2.808541,49.014652],[2.815918,49.013934],[2.819402,49.013577],[2.819627,49.013556],[2.81988,49.013555],[2.820141,49.013542],[2.820431,49.013521],[2.830145,49.012415],[2.831054,49.012258],[2.831615,49.012179],[2.832175,49.012097],[2.832894,49.011952],[2.833608,49.011794],[2.834552,49.011608],[2.835507,49.011448],[2.83794,49.01116],[2.840376,49.010882],[2.842236,49.010606],[2.844466,49.01026],[2.847278,49.009742],[2.850326,49.009353],[2.850612,49.0093],[2.851392,49.009118],[2.852159,49.008911],[2.853682,49.008478],[2.854111,49.008352],[2.854534,49.008217],[2.855647,49.00779],[2.856751,49.007345],[2.857069,49.007222],[2.85737,49.007086],[2.857663,49.006904],[2.857926,49.0067],[2.858409,49.006263],[2.858783,49.005903],[2.85911,49.005524],[2.859297,49.005183],[2.859369,49.004832],[2.859294,49.004524],[2.859131,49.00422],[2.858923,49.003921],[2.858687,49.003627],[2.858434,49.003338],[2.858161,49.003061],[2.857861,49.002805],[2.857512,49.002589],[2.857131,49.002446],[2.85672,49.002329],[2.853618,49.001455],[2.850559,49.000537],[2.850079,49.000361],[2.849394,49.000149],[2.848691,48.999961],[2.847271,48.999604],[2.845844,48.99926],[2.845126,48.9991],[2.844765,48.99903],[2.844399,48.99897],[2.844022,48.998925],[2.843641,48.998893],[2.842873,48.998845],[2.84133,48.998774],[2.839785,48.998705],[2.838247,48.998608],[2.837399,48.998508],[2.836556,48.99839],[2.834868,48.998152],[2.833484,48.99799],[2.832093,48.997858],[2.82902,48.997729],[2.825942,48.997622],[2.819791,48.99734],[2.813641,48.997135],[2.807489,48.996798],[2.801338,48.996524],[2.795187,48.996067],[2.793987,48.995999],[2.789036,48.995746],[2.782884,48.995309],[2.776733,48.994918],[2.770582,48.994494],[2.764431,48.994072],[2.763462,48.993989],[2.761306,48.993816],[2.758528,48.993639],[2.758279,48.993631],[2.755204,48.993464],[2.752129,48.993314],[2.749054,48.993161],[2.745978,48.992973],[2.742903,48.992851],[2.740899,48.992728],[2.739828,48.99266],[2.736753,48.992471],[2.733678,48.992267],[2.730603,48.992142],[2.727528,48.991989],[2.724453,48.991825],[2.722052,48.991634],[2.721377,48.991576],[2.718302,48.991366],[2.715227,48.991076],[2.712151,48.99073],[2.71014,48.990528],[2.709076,48.990415],[2.706001,48.990216],[2.702926,48.990018],[2.699851,48.989812],[2.698314,48.98966],[2.696775,48.98952],[2.695481,48.989465],[2.694183,48.989425],[2.693701,48.989407],[2.690626,48.989258],[2.687551,48.989086],[2.684477,48.988976],[2.681402,48.988817],[2.678327,48.988695],[2.675253,48.988574],[2.672238,48.988327],[2.672178,48.988322],[2.670643,48.988274],[2.669103,48.988273],[2.666029,48.988225],[2.662954,48.988129],[2.65988,48.988047],[2.656806,48.988016],[2.653731,48.988002],[2.650657,48.988007],[2.648874,48.988024],[2.647583,48.988001],[2.646814,48.988029],[2.646046,48.988058],[2.645277,48.988049],[2.644509,48.988026],[2.642972,48.987998],[2.641434,48.987954],[2.639897,48.987898],[2.638435,48.987797],[2.63836,48.987789],[2.636822,48.987611],[2.635285,48.98739],[2.634208,48.987238],[2.633809,48.987193],[2.633658,48.987173],[2.63221,48.986963],[2.631272,48.986802],[2.629699,48.986529],[2.629135,48.986432],[2.627245,48.986119],[2.62606,48.985907],[2.623632,48.985441],[2.622985,48.985311],[2.621447,48.985066],[2.621118,48.984999],[2.61991,48.984736],[2.61947,48.984631],[2.619036,48.984515],[2.618086,48.984206],[2.617147,48.983878],[2.616835,48.983777],[2.616469,48.983692],[2.616092,48.983631],[2.615321,48.983544],[2.61454,48.983475],[2.61376,48.983404],[2.610686,48.983064],[2.607612,48.982869],[2.606063,48.98276],[2.605681,48.982718],[2.605298,48.982676],[2.604917,48.982646],[2.604537,48.982644],[2.604105,48.982691],[2.603673,48.982761],[2.601464,48.983025],[2.59839,48.983228],[2.595316,48.983462],[2.592243,48.983787],[2.591416,48.98389],[2.589169,48.984144],[2.586095,48.984487],[2.585615,48.984547],[2.585132,48.984597],[2.584596,48.984629],[2.584057,48.984651],[2.583021,48.984689],[2.581949,48.984678],[2.580967,48.98464],[2.579947,48.984557],[2.579159,48.984471],[2.577318,48.98422],[2.576873,48.984154],[2.576593,48.9841],[2.575529,48.983895],[2.573799,48.983553],[2.570724,48.982862],[2.570259,48.982772],[2.56765,48.982248],[2.565085,48.981649],[2.564576,48.981524],[2.563048,48.981137],[2.56228,48.980951],[2.561893,48.980866],[2.561502,48.980792],[2.560875,48.980707],[2.560241,48.980641],[2.558966,48.980526],[2.558428,48.980474],[2.556892,48.980301],[2.556125,48.980216],[2.555354,48.980147],[2.554588,48.980108],[2.55382,48.980086],[2.55228,48.980059],[2.550742,48.980049],[2.549973,48.980053],[2.549207,48.980074],[2.548437,48.980129],[2.547669,48.980201],[2.546133,48.980345],[2.543059,48.980516],[2.542792,48.980527],[2.539985,48.980625],[2.536911,48.98072],[2.533838,48.98086],[2.530764,48.980888],[2.52769,48.980783],[2.526616,48.980721],[2.525617,48.980651],[2.525117,48.980622],[2.524616,48.980609],[2.524232,48.980615],[2.523847,48.980629],[2.523463,48.980639],[2.523079,48.980636],[2.522478,48.98059],[2.521878,48.980524],[2.521543,48.980491],[2.520006,48.980355],[2.518469,48.980205],[2.517612,48.980117],[2.515395,48.979896],[2.512322,48.979616],[2.510028,48.979396],[2.509248,48.979304],[2.506175,48.978927],[2.503102,48.978582],[2.500361,48.978269],[2.500028,48.978233],[2.497594,48.978034],[2.497315,48.978004],[2.496502,48.977936],[2.493882,48.977671],[2.491861,48.977495],[2.489449,48.977269],[2.487735,48.97714],[2.486319,48.97705],[2.482711,48.976834],[2.481588,48.976785],[2.480581,48.976748],[2.476127,48.97651],[2.475442,48.976475],[2.469295,48.976266],[2.463148,48.976065],[2.463062,48.976063],[2.460672,48.975998],[2.457002,48.975892],[2.450855,48.975903],[2.444708,48.975918],[2.438561,48.975705],[2.432415,48.975473],[2.426268,48.975251],[2.420122,48.975148],[2.413975,48.974925],[2.407829,48.97481],[2.401682,48.974626],[2.395536,48.974635],[2.389389,48.974516],[2.383242,48.974595],[2.377095,48.974524],[2.370949,48.974536],[2.364802,48.974322],[2.358656,48.974283],[2.352508,48.974517],[2.34636,48.974812],[2.340213,48.97487],[2.334066,48.975019],[2.327919,48.975027],[2.321771,48.975205],[2.315624,48.975207],[2.309476,48.975406],[2.303328,48.975734],[2.302901,48.975771],[2.301458,48.975973],[2.300025,48.976211],[2.297176,48.976706],[2.294183,48.977302],[2.292676,48.977603],[2.291891,48.977753],[2.291473,48.977828],[2.291023,48.977903],[2.290681,48.977993],[2.29102,48.978337],[2.291306,48.978595],[2.291511,48.97885],[2.291671,48.979102],[2.29181,48.979352],[2.291942,48.979596],[2.292082,48.979831],[2.292245,48.980051],[2.292454,48.980244],[2.292926,48.980483],[2.29349,48.980671],[2.294093,48.980839],[2.294711,48.981],[2.295954,48.981319],[2.296565,48.98149],[2.297151,48.981684],[2.297486,48.981823],[2.29781,48.981972],[2.298463,48.982265],[2.298806,48.982393],[2.29916,48.982507],[2.300175,48.982773],[2.301208,48.98301],[2.30329,48.983452],[2.305462,48.983837],[2.306298,48.984015],[2.307121,48.984215],[2.311009,48.985357],[2.314877,48.986528],[2.31557,48.986753],[2.315981,48.986898],[2.316394,48.987039],[2.3177,48.987399],[2.319031,48.987725],[2.321712,48.988337],[2.323237,48.988594],[2.324773,48.988827],[2.327856,48.989249],[2.328264,48.989283],[2.328674,48.989311],[2.331344,48.989514],[2.332678,48.989623],[2.333342,48.989684],[2.334003,48.989759],[2.334776,48.989879],[2.335544,48.990015],[2.337077,48.990301],[2.340147,48.990862],[2.345445,48.99159],[2.346292,48.991686],[2.352437,48.992625],[2.358584,48.993325],[2.362718,48.993867],[2.364433,48.994087],[2.36473,48.99412],[2.365133,48.994165],[2.369741,48.994708],[2.370877,48.994835],[2.372408,48.995002],[2.375039,48.995337],[2.377023,48.995635],[2.380851,48.996142],[2.382167,48.996327],[2.38317,48.996477],[2.389316,48.997457],[2.395463,48.99841],[2.395463,48.99841],[2.395463,48.99841],[2.395463,48.99841],[2.400021,48.999577],[2.400477,48.999674],[2.400913,48.999796],[2.401263,48.999946],[2.401608,49.000104],[2.402051,49.000259],[2.402513,49.000391],[2.402976,49.00052],[2.403422,49.000669],[2.403754,49.000814],[2.40407,49.000977],[2.404679,49.001331],[2.405022,49.001549],[2.405303,49.001795],[2.405458,49.002059],[2.405531,49.002346],[2.405538,49.002638],[2.405468,49.002919],[2.405318,49.003159],[2.405117,49.003385],[2.404894,49.003605],[2.404672,49.003827],[2.404462,49.004042],[2.404221,49.00422],[2.403945,49.004377],[2.403648,49.004521],[2.403338,49.004657],[2.402698,49.004915],[2.402053,49.005163],[2.401593,49.00534],[2.400491,49.005828],[2.39994,49.00607],[2.399365,49.006284],[2.398946,49.006399],[2.398514,49.006494],[2.396982,49.00675],[2.395437,49.00697],[2.39236,49.007349],[2.392197,49.007368],[2.391849,49.007398],[2.389284,49.007574],[2.388073,49.007632],[2.387398,49.007646],[2.386209,49.007679],[2.385081,49.007688],[2.384205,49.007728],[2.383133,49.007725],[2.380057,49.007765],[2.378519,49.00774],[2.37775,49.00773],[2.376982,49.007741],[2.376437,49.007774],[2.371732,49.008028],[2.37083,49.008053],[2.369802,49.008117],[2.365868,49.008229],[2.364678,49.008211],[2.358527,49.008349],[2.352376,49.008362],[2.350855,49.008446],[2.347836,49.008508],[2.346224,49.008493],[2.344618,49.008498],[2.341719,49.008522],[2.340896,49.008491],[2.340074,49.008466],[2.339256,49.008481],[2.338437,49.008509],[2.335621,49.00855],[2.333922,49.008604],[2.332021,49.008691],[2.32973,49.00873],[2.32777,49.008781],[2.325557,49.008907],[2.323899,49.008953],[2.321618,49.009014],[2.319287,49.008981],[2.31788,49.009038],[2.316672,49.00904],[2.316068,49.009039],[2.315467,49.009054],[2.314751,49.009114],[2.314038,49.009196],[2.312609,49.009352],[2.312209,49.009379],[2.309624,49.009506],[2.309314,49.009524],[2.306237,49.009816],[2.30316,49.010124],[2.300082,49.010498],[2.299654,49.01053],[2.29897,49.010607],[2.297983,49.010735],[2.297492,49.010807],[2.297005,49.010894],[2.296524,49.011008],[2.29608,49.011163],[2.295781,49.011313],[2.295464,49.011459],[2.295108,49.011576],[2.294832,49.011722],[2.294765,49.011988],[2.294886,49.012284],[2.295147,49.012576],[2.295457,49.012836],[2.295472,49.012848],[2.295723,49.013015],[2.296011,49.013159],[2.296318,49.013289],[2.29663,49.013412],[2.296991,49.013552],[2.297608,49.013775],[2.298242,49.013978],[2.299148,49.014208],[2.300063,49.014424],[2.302753,49.015111],[2.303135,49.015189],[2.306208,49.015735],[2.308652,49.016248],[2.309281,49.016352],[2.312355,49.016798],[2.315291,49.017385],[2.315428,49.017411],[2.318502,49.017848],[2.321576,49.018274],[2.323532,49.018526],[2.324509,49.018631],[2.324825,49.018655],[2.327726,49.018887],[2.330144,49.019019],[2.331603,49.019127],[2.333876,49.019314],[2.335702,49.019462],[2.338532,49.019709],[2.340026,49.019863],[2.341212,49.01994],[2.345527,49.020339],[2.346177,49.020392],[2.346717,49.020421],[2.350358,49.020822],[2.352326,49.021044],[2.35268,49.021085],[2.35731,49.021686],[2.358476,49.021881],[2.360291,49.022166],[2.361352,49.022309],[2.362409,49.022463],[2.363524,49.022677],[2.364625,49.022922],[2.365309,49.023095],[2.367698,49.02377],[2.368441,49.02399],[2.369172,49.024225],[2.369982,49.024532],[2.370771,49.024864],[2.371832,49.025353],[2.37285,49.025824],[2.373842,49.026317],[2.374128,49.026481],[2.374558,49.026743],[2.374977,49.027015],[2.375371,49.027299],[2.375712,49.027607],[2.375914,49.027871],[2.376072,49.02815],[2.376196,49.028439],[2.37628,49.028732],[2.376313,49.029012],[2.376314,49.029294],[2.376248,49.029856],[2.376181,49.03014],[2.376098,49.030422],[2.37589,49.030979],[2.375611,49.031543],[2.375308,49.032102],[2.375048,49.032551],[2.374836,49.032845],[2.373908,49.034348],[2.373554,49.034863],[2.372498,49.036271],[2.372283,49.036594],[2.372126,49.036849],[2.371803,49.037286],[2.371446,49.037713],[2.370722,49.038565],[2.370503,49.038839],[2.370169,49.039241],[2.368709,49.041085],[2.367917,49.042207],[2.36763,49.042571],[2.367049,49.04333],[2.366619,49.043896],[2.36616,49.044453],[2.365893,49.044734],[2.365617,49.045011],[2.365344,49.045289],[2.365091,49.045575],[2.364924,49.045797],[2.364776,49.046025],[2.364646,49.046258],[2.364538,49.046498],[2.364447,49.046681],[2.364413,49.046721],[2.363621,49.047821],[2.363044,49.048672],[2.362535,49.049307],[2.362254,49.049682],[2.362009,49.050066],[2.361856,49.05037],[2.361712,49.050676],[2.3611,49.051813],[2.360867,49.052312],[2.360724,49.052744],[2.360529,49.053139],[2.360288,49.053526],[2.359778,49.054298],[2.359657,49.054558],[2.359661,49.054798],[2.359617,49.055021],[2.359563,49.055223],[2.359525,49.055417],[2.358358,49.059052],[2.357592,49.063016],[2.357509,49.063547],[2.357451,49.064671],[2.357408,49.065795],[2.357326,49.066919],[2.357241,49.067481],[2.357171,49.068042],[2.357167,49.068604],[2.357183,49.069167],[2.357169,49.070291],[2.357208,49.071415],[2.357308,49.072539],[2.357427,49.073104],[2.3576,49.073663],[2.357723,49.073953],[2.357866,49.074239],[2.358032,49.074519],[2.358233,49.074788],[2.358275,49.074835],[2.358543,49.075019],[2.358884,49.07515],[2.359266,49.075248],[2.359672,49.075327],[2.360514,49.07544],[2.360937,49.075473],[2.361352,49.075479],[2.361752,49.07545],[2.362143,49.075397],[2.362912,49.075254],[2.363674,49.07509],[2.364434,49.07492],[2.365034,49.074783],[2.365619,49.074627],[2.365927,49.074526],[2.366228,49.074416],[2.366818,49.074179],[2.367981,49.073684],[2.370325,49.07271],[2.37047,49.072655],[2.370628,49.072579],[2.370666,49.07256],[2.372793,49.071439],[2.373686,49.070992],[2.374952,49.070318],[2.376771,49.069393],[2.377039,49.069246],[2.377358,49.069091],[2.379332,49.068077],[2.38021,49.067581],[2.38294,49.06625],[2.383656,49.065835],[2.386856,49.064198],[2.38803,49.063593],[2.388322,49.063422],[2.388603,49.063243],[2.388869,49.063056],[2.389109,49.062855],[2.389442,49.062532],[2.389653,49.062372],[2.391015,49.061349],[2.391836,49.060723],[2.393725,49.059388],[2.394123,49.059105],[2.394343,49.058935],[2.395281,49.058267],[2.397271,49.056861],[2.400561,49.054618],[2.401012,49.054318],[2.40145,49.054011],[2.402445,49.053197],[2.403423,49.052373],[2.40646,49.050129],[2.406689,49.04996],[2.40762,49.049353],[2.409519,49.047885],[2.410573,49.0471],[2.411114,49.046717],[2.411679,49.04635],[2.411993,49.04617],[2.412315,49.045996],[2.41295,49.045641],[2.413389,49.045351],[2.413788,49.045038],[2.414026,49.044818],[2.414278,49.044607],[2.414684,49.044355],[2.416169,49.043396],[2.41827,49.042171],[2.419953,49.041289],[2.420217,49.041153],[2.422477,49.040031],[2.423034,49.039797],[2.424346,49.039334],[2.425689,49.038911],[2.426114,49.038786],[2.42808,49.038148],[2.432273,49.036937],[2.432836,49.036773],[2.433288,49.03667],[2.435225,49.036133],[2.437827,49.035441],[2.438431,49.035293],[2.44151,49.034615],[2.442517,49.034431],[2.444588,49.034078],[2.447666,49.033653],[2.450743,49.033387],[2.45161,49.033315],[2.453821,49.033151],[2.456898,49.033006],[2.459975,49.03294],[2.463052,49.032906],[2.466129,49.032898],[2.469206,49.032903],[2.472283,49.032936],[2.47536,49.033038],[2.475754,49.033045],[2.478157,49.03313],[2.478437,49.033145],[2.478669,49.033165],[2.480156,49.033335],[2.481513,49.0335],[2.48459,49.033721],[2.487667,49.03393],[2.490744,49.03419],[2.493821,49.034414],[2.494715,49.034467],[2.496897,49.034625],[2.498179,49.034702],[2.499974,49.034855],[2.500746,49.034892],[2.501131,49.034913],[2.501513,49.034946],[2.502143,49.035032],[2.502599,49.035096],[2.503051,49.035169],[2.503439,49.035251],[2.503822,49.035342],[2.504589,49.035521],[2.504955,49.035595],[2.50554,49.035759],[2.506128,49.035879],[2.506505,49.035874],[2.50689,49.035829],[2.507278,49.035773],[2.507667,49.035736],[2.508054,49.035741],[2.50844,49.035777],[2.508824,49.035831],[2.509205,49.035895],[2.509589,49.035965],[2.509971,49.036033],[2.510355,49.036093],[2.510743,49.036135],[2.511155,49.036159],[2.511719,49.036229],[2.512282,49.036302],[2.512664,49.036324],[2.51305,49.036325],[2.513821,49.036292],[2.514205,49.036261],[2.514588,49.036227],[2.515359,49.036171],[2.515751,49.036162],[2.516142,49.036169],[2.516528,49.036195],[2.516898,49.036247],[2.517219,49.036326],[2.517527,49.036432],[2.517828,49.036564],[2.518127,49.036723],[2.518436,49.036852],[2.518752,49.036723],[2.519054,49.036568],[2.519355,49.03644],[2.519659,49.036328],[2.519975,49.036227],[2.520196,49.036162],[2.52085,49.035977],[2.521514,49.035812],[2.52212,49.035698],[2.522735,49.0356],[2.523053,49.035553],[2.524591,49.035358],[2.525359,49.035235],[2.525743,49.035176],[2.52613,49.035129],[2.526489,49.035103],[2.52685,49.035086],[2.527574,49.035039],[2.527669,49.035034],[2.527676,49.035034],[2.528159,49.035039],[2.528685,49.035032],[2.529207,49.035051],[2.529343,49.035064],[2.530053,49.035124],[2.530404,49.035161],[2.530746,49.035222],[2.531107,49.035321],[2.531515,49.035427],[2.532284,49.035601],[2.53229,49.035602],[2.532853,49.035749],[2.53336,49.035826],[2.533673,49.035828],[2.533823,49.035826],[2.534174,49.035736],[2.53451,49.035602],[2.534553,49.035588],[2.534567,49.035584],[2.534637,49.03557],[2.535,49.035474],[2.535361,49.035378],[2.535753,49.035326],[2.536233,49.035245],[2.536714,49.035177],[2.5369,49.035166],[2.537285,49.035146],[2.537669,49.035133],[2.538053,49.035139],[2.538439,49.035152],[2.538824,49.035153],[2.539208,49.035134],[2.539593,49.03509],[2.539977,49.035049],[2.54056,49.035034],[2.541145,49.035041],[2.541496,49.035037],[2.541516,49.035038],[2.541537,49.035041],[2.543054,49.035285],[2.54466,49.035603],[2.54535,49.035746],[2.546131,49.035904],[2.549209,49.036626],[2.549775,49.036727],[2.552286,49.037173],[2.555253,49.037851],[2.555335,49.037871],[2.555363,49.037878],[2.5569,49.038262],[2.558441,49.038637],[2.559389,49.038808],[2.560342,49.038974],[2.560929,49.03909],[2.561518,49.039185],[2.562153,49.039226],[2.562794,49.039231],[2.564084,49.039204],[2.566668,49.039157],[2.567171,49.03917],[2.567673,49.039172],[2.568084,49.039152],[2.568495,49.039123],[2.572575,49.038972],[2.573774,49.038933],[2.573828,49.038929],[2.576905,49.038567],[2.579982,49.03837],[2.583059,49.038227],[2.586137,49.038174],[2.589214,49.038135],[2.592291,49.038213],[2.595369,49.038289],[2.598229,49.038442],[2.598446,49.038454],[2.598807,49.038458],[2.599168,49.038446],[2.599891,49.038401],[2.599985,49.038398],[2.600027,49.038401],[2.601524,49.038508],[2.603063,49.038648],[2.604601,49.038792],[2.60633,49.03896],[2.60719,49.039049],[2.607679,49.039097],[2.610757,49.039422],[2.613835,49.039735],[2.616913,49.040011],[2.617697,49.040078],[2.619991,49.04032],[2.623069,49.040683],[2.626146,49.040913],[2.628826,49.041195],[2.629224,49.041235],[2.632302,49.041538],[2.635381,49.041815],[2.636518,49.041898],[2.6374,49.041961],[2.639656,49.042061],[2.641536,49.04213],[2.643194,49.042221],[2.646229,49.04236],[2.647692,49.042388],[2.65077,49.042458],[2.653848,49.042577],[2.656925,49.042699],[2.660003,49.042822],[2.660757,49.042865],[2.665614,49.043013],[2.666159,49.043039],[2.666634,49.043063],[2.672032,49.043197],[2.672315,49.043189],[2.675392,49.043189],[2.67847,49.043319],[2.679908,49.043395],[2.681548,49.043489],[2.684627,49.043641],[2.686836,49.043704],[2.687704,49.043729],[2.690782,49.043867],[2.693861,49.044086],[2.696939,49.044256],[2.700017,49.044365],[2.702232,49.044491],[2.702972,49.044535],[2.703095,49.044542],[2.706174,49.044751],[2.709252,49.045011],[2.71233,49.045114],[2.715409,49.045263],[2.718487,49.045412],[2.720343,49.04559],[2.721566,49.045723],[2.724644,49.045946],[2.727723,49.046259],[2.730802,49.046539],[2.732319,49.046695],[2.733881,49.046862],[2.73696,49.047175],[2.740039,49.047482],[2.743034,49.047801],[2.743119,49.047811],[2.746198,49.048245],[2.749277,49.048525],[2.752357,49.048841],[2.753202,49.048908],[2.755436,49.049101],[2.758514,49.049267],[2.76067,49.049288],[2.762672,49.049221],[2.76467,49.049113],[2.766216,49.048959],[2.767759,49.048783],[2.769299,49.0486],[2.770065,49.0485],[2.770822,49.048378],[2.771158,49.048309],[2.771491,49.048233],[2.772152,49.04807],[2.773474,49.047746],[2.776972,49.047082],[2.783124,49.046108],[2.786963,49.04547],[2.788117,49.045263],[2.789274,49.04507],[2.792347,49.044732],[2.795426,49.044412],[2.796844,49.044237],[2.800614,49.043898],[2.801579,49.043822],[2.802358,49.043759],[2.804925,49.04353],[2.807498,49.043349],[2.807732,49.043346],[2.808843,49.043277],[2.809951,49.043172],[2.813395,49.042807],[2.813884,49.042737],[2.814554,49.042672],[2.816725,49.042468],[2.817812,49.042372],[2.818355,49.042337],[2.8189,49.042322],[2.819469,49.042337],[2.820037,49.042352],[2.820422,49.042344],[2.820807,49.042324],[2.821575,49.042266],[2.823113,49.042147],[2.82619,49.042029],[2.826409,49.04201],[2.827821,49.041802],[2.829265,49.041572],[2.830118,49.041472],[2.830976,49.041365],[2.831381,49.041296],[2.831748,49.041204],[2.83205,49.041072],[2.832238,49.040871]],[[2.6743,49.033091],[2.673434,49.033286],[2.67229,49.033484],[2.670752,49.033719],[2.669719,49.033852],[2.669214,49.033904],[2.667676,49.033978],[2.666138,49.034098],[2.664599,49.034197],[2.663061,49.034272],[2.661523,49.034349],[2.659984,49.03442],[2.659884,49.034424],[2.658515,49.034476],[2.658376,49.034477],[2.656907,49.034517],[2.655516,49.034536],[2.655226,49.034533],[2.65383,49.034531],[2.652376,49.034493],[2.652215,49.034488],[2.650753,49.034443],[2.650468,49.034433],[2.649214,49.034388],[2.647676,49.034351],[2.645128,49.034341],[2.644599,49.034346],[2.642232,49.03444],[2.641522,49.034467],[2.639983,49.034485],[2.638445,49.034493],[2.636906,49.034491],[2.636675,49.034487],[2.635368,49.034469],[2.634598,49.034453],[2.634294,49.034446],[2.633843,49.034436],[2.633814,49.034436],[2.633041,49.03442],[2.63229,49.034396],[2.630903,49.034338],[2.630594,49.034334],[2.629213,49.034284],[2.626136,49.034116],[2.624167,49.034094],[2.623058,49.034029],[2.62152,49.03393],[2.620995,49.033894],[2.619981,49.033819],[2.618442,49.033732],[2.616904,49.033633],[2.616503,49.033604],[2.615831,49.033557],[2.615365,49.033521],[2.61479,49.033477],[2.614436,49.033453],[2.613826,49.033402],[2.613064,49.033342],[2.613051,49.033341],[2.612997,49.033337],[2.612288,49.033288],[2.611518,49.033237],[2.611097,49.03321],[2.610749,49.033186],[2.610236,49.033151],[2.60921,49.033084],[2.607672,49.032964],[2.606133,49.032845],[2.60533,49.032779],[2.604661,49.03273],[2.604595,49.032725],[2.603056,49.032613],[2.601517,49.032499],[2.599979,49.032386],[2.599586,49.032363],[2.59844,49.03228],[2.597715,49.03222],[2.596901,49.032161],[2.596267,49.032105],[2.595363,49.032036],[2.594594,49.031976],[2.594146,49.031941],[2.593824,49.031919],[2.593055,49.031868],[2.592286,49.031816],[2.591516,49.031768],[2.590747,49.031721],[2.589978,49.031676],[2.589751,49.031661],[2.589209,49.031629],[2.588151,49.031574],[2.58767,49.03155],[2.586132,49.031458],[2.584593,49.031361],[2.58357,49.031288],[2.583054,49.031254],[2.582285,49.031203],[2.581516,49.03115],[2.580832,49.031102],[2.580753,49.031098],[2.580739,49.031096],[2.580728,49.031096],[2.579977,49.031053],[2.579208,49.031008],[2.578439,49.030971],[2.57767,49.030928],[2.5769,49.030873],[2.576212,49.030823],[2.576131,49.030817],[2.575362,49.030768],[2.574977,49.030741],[2.574593,49.030727],[2.574208,49.030741],[2.573823,49.030754],[2.573439,49.030742],[2.573054,49.030721],[2.572285,49.030704],[2.571516,49.030688],[2.570747,49.030674],[2.569821,49.030655],[2.569208,49.030651],[2.56767,49.030649],[2.56741,49.030638],[2.566131,49.030581],[2.564998,49.030544],[2.564608,49.030533],[2.564593,49.030532],[2.563054,49.030444],[2.561516,49.030333],[2.559977,49.03021],[2.558439,49.030073],[2.557719,49.030018],[2.55763,49.030012],[2.557016,49.029983],[2.5569,49.029978],[2.556354,49.029983],[2.556134,49.029985],[2.556129,49.029985],[2.556077,49.029983],[2.555719,49.029972],[2.555362,49.029958],[2.554895,49.029918],[2.554428,49.029872],[2.553824,49.029823],[2.55256,49.029652],[2.552285,49.029616],[2.551516,49.029506],[2.550989,49.029421],[2.550747,49.029385],[2.549978,49.029291],[2.549208,49.029234],[2.548941,49.029225],[2.548039,49.029151],[2.54767,49.029118],[2.547186,49.029067],[2.546683,49.029018],[2.546534,49.028993],[2.546132,49.028948],[2.545367,49.028859],[2.545362,49.028858],[2.544593,49.028777],[2.543824,49.028689],[2.543055,49.028622],[2.542557,49.028578],[2.542286,49.028556],[2.541516,49.028504],[2.540747,49.028468],[2.539978,49.028431],[2.539209,49.028393],[2.53844,49.028349],[2.537671,49.028299],[2.537642,49.028297],[2.536901,49.028232],[2.536132,49.02817],[2.535363,49.028117],[2.534594,49.028105],[2.533825,49.028076],[2.533056,49.028051],[2.532286,49.028028],[2.531858,49.028015],[2.531541,49.028006],[2.531517,49.028005],[2.531133,49.027992],[2.530748,49.027974],[2.53036,49.027945],[2.529979,49.027893],[2.529597,49.027809],[2.52921,49.02774],[2.529196,49.027739],[2.529157,49.027734],[2.5288,49.027685],[2.528441,49.027644],[2.528057,49.027616],[2.527671,49.027596],[2.526902,49.02758],[2.526133,49.027603],[2.525364,49.027645],[2.524595,49.027709],[2.524133,49.027733],[2.523056,49.027795],[2.521518,49.027885],[2.51998,49.027914],[2.518441,49.027895],[2.516903,49.027872],[2.516533,49.027866],[2.515365,49.027828],[2.513826,49.027755],[2.513003,49.02773],[2.512288,49.02771],[2.51075,49.027637],[2.509211,49.027574],[2.508198,49.027536],[2.507673,49.027516],[2.506135,49.027449],[2.505435,49.027421],[2.504596,49.027386],[2.503058,49.027302],[2.502708,49.027292],[2.50152,49.027232],[2.500049,49.027188],[2.499982,49.027186],[2.499305,49.027163],[2.498443,49.027137],[2.496905,49.02708],[2.495367,49.027016],[2.493829,49.026933],[2.49229,49.026834],[2.490752,49.026757],[2.489214,49.026704],[2.487676,49.026652],[2.487529,49.026649],[2.486336,49.026595],[2.486137,49.026586],[2.484599,49.026525],[2.483061,49.026459],[2.481523,49.026397],[2.48123,49.026378],[2.478871,49.02628],[2.478446,49.026257],[2.477961,49.026235],[2.476001,49.026128],[2.47537,49.026108],[2.474022,49.026026],[2.473832,49.026014],[2.472294,49.025956],[2.470755,49.0259],[2.469217,49.025847],[2.467853,49.025772],[2.466141,49.025678],[2.463065,49.02552],[2.461831,49.025455],[2.459988,49.025328],[2.456912,49.025101],[2.455934,49.025042],[2.454708,49.024963],[2.453836,49.024921],[2.453059,49.024892],[2.45141,49.024798],[2.45076,49.024779],[2.447684,49.024627],[2.444608,49.02444],[2.442547,49.024315],[2.441532,49.024245],[2.438455,49.024131],[2.435379,49.024028],[2.432303,49.023933],[2.429227,49.023829],[2.427686,49.023732],[2.426916,49.023678],[2.426151,49.023609],[2.425511,49.023515],[2.424874,49.023408],[2.423611,49.023172],[2.423076,49.023049],[2.422309,49.022919],[2.421533,49.022806],[2.420759,49.022692],[2.420376,49.022629],[2.420001,49.02255],[2.419642,49.022442],[2.419293,49.022319],[2.418951,49.022186],[2.41862,49.022043],[2.418124,49.021784],[2.417619,49.021536],[2.417276,49.021417],[2.416927,49.021304],[2.415935,49.020916],[2.415391,49.020713],[2.414999,49.020543],[2.414631,49.020352],[2.414226,49.020084],[2.413855,49.019795],[2.413848,49.019789],[2.413662,49.019548],[2.413544,49.019284],[2.413499,49.019162],[2.413418,49.018906],[2.413438,49.018665],[2.413859,49.018377],[2.414199,49.018203],[2.414525,49.018028],[2.414947,49.017779],[2.415385,49.017543],[2.415757,49.017402],[2.416146,49.017279],[2.416939,49.01705],[2.419277,49.016424],[2.420017,49.01626],[2.423094,49.015646],[2.424707,49.015305],[2.426172,49.015002],[2.429249,49.014442],[2.430445,49.014187],[2.432326,49.013903],[2.434615,49.013616],[2.436463,49.013419],[2.438479,49.013265],[2.440167,49.013182],[2.441696,49.013093],[2.44246,49.013045],[2.443221,49.012982],[2.443574,49.012938],[2.443926,49.012888],[2.444278,49.012838],[2.444632,49.012794],[2.445154,49.012751],[2.44568,49.01272],[2.45008,49.012472],[2.450784,49.012424],[2.451387,49.0124],[2.456573,49.012228],[2.456936,49.012216],[2.457258,49.012199],[2.462891,49.012111],[2.463087,49.0121],[2.463855,49.012093],[2.464624,49.012108],[2.466163,49.012143],[2.469239,49.012166],[2.472314,49.012168],[2.473309,49.012157],[2.47539,49.01219],[2.476928,49.012274],[2.478466,49.012351],[2.480003,49.012446],[2.481541,49.012542],[2.481541,49.012542],[2.484617,49.012748],[2.487692,49.012921],[2.490768,49.013057],[2.492108,49.01311],[2.493761,49.013171],[2.493843,49.013173],[2.496919,49.013156],[2.499995,49.013249],[2.503071,49.013404],[2.505041,49.013475],[2.506146,49.013515],[2.507684,49.013605],[2.509204,49.013679],[2.509222,49.013679],[2.51076,49.013752],[2.512298,49.01382],[2.513836,49.013887],[2.515373,49.013945],[2.516911,49.014008],[2.518449,49.014104],[2.519987,49.014229],[2.520113,49.014244],[2.521525,49.014408],[2.523063,49.01462],[2.524339,49.014807],[2.524601,49.014838],[2.525089,49.014919],[2.525573,49.015013],[2.526138,49.015123],[2.527399,49.015369],[2.527676,49.01542],[2.529214,49.015711],[2.530367,49.015932],[2.530625,49.015978],[2.530752,49.016003],[2.53229,49.016286],[2.533326,49.016494],[2.533828,49.016589],[2.534712,49.016733],[2.535366,49.016852],[2.536768,49.017056],[2.536884,49.017071],[2.536904,49.017074],[2.538442,49.017228],[2.53998,49.017349],[2.540419,49.017378],[2.541038,49.017407],[2.541518,49.017434],[2.542051,49.017446],[2.542513,49.017453],[2.543056,49.017468],[2.544594,49.017454],[2.546132,49.017375],[2.54767,49.017301],[2.548712,49.017238],[2.549208,49.017212],[2.550746,49.017119],[2.551362,49.017057],[2.552284,49.016958],[2.553822,49.016811],[2.55536,49.016698],[2.556898,49.016612],[2.558436,49.016513],[2.558817,49.016494],[2.559974,49.01643],[2.561512,49.016396],[2.56305,49.016425],[2.564312,49.016494],[2.564588,49.016508],[2.566126,49.01662],[2.567664,49.016822],[2.569202,49.017039],[2.56928,49.017055],[2.570423,49.017287],[2.57074,49.017369],[2.571897,49.017616],[2.572077,49.017653],[2.572279,49.0177],[2.572658,49.017769],[2.573043,49.017824],[2.573817,49.017929],[2.575283,49.018178],[2.575355,49.018189],[2.576893,49.01836],[2.578431,49.018524],[2.579969,49.018661],[2.580937,49.018738],[2.583046,49.018917],[2.586122,49.019174],[2.589198,49.019505],[2.592275,49.019841],[2.592297,49.019842],[2.592521,49.019858],[2.595351,49.020075],[2.598428,49.020313],[2.601504,49.020586],[2.604581,49.020813],[2.606638,49.020976],[2.607657,49.021071],[2.610734,49.021378],[2.613811,49.021701],[2.616888,49.022075],[2.617045,49.022094],[2.619965,49.022471],[2.623042,49.022833],[2.625942,49.023212],[2.629196,49.023641],[2.63535,49.024354],[2.641504,49.025159],[2.643796,49.025447],[2.646936,49.025972],[2.647659,49.026068],[2.648662,49.026175],[2.65216,49.026648],[2.653814,49.026869],[2.656474,49.027378],[2.656819,49.027437],[2.657169,49.027481],[2.657402,49.027496],[2.658055,49.027575],[2.6587,49.027681],[2.659334,49.027798],[2.65997,49.027909],[2.661507,49.028092],[2.663047,49.028268],[2.666125,49.02874],[2.666452,49.028798],[2.668612,49.029227],[2.669203,49.029354],[2.67037,49.029645],[2.670917,49.02979],[2.67135,49.029916],[2.672282,49.030245],[2.672692,49.030402],[2.673434,49.030686],[2.67385,49.030851],[2.67424,49.031037],[2.674474,49.031199],[2.674681,49.031383],[2.674879,49.03157],[2.675094,49.031749],[2.675363,49.0319],[2.675905,49.032159],[2.675892,49.032256],[2.675365,49.032415],[2.675059,49.032557],[2.674816,49.032745],[2.6743,49.033091]],[[2.698292,49.001784],[2.696813,49.002028],[2.693739,49.002388],[2.690664,49.002676],[2.68759,49.002921],[2.687586,49.002922],[2.684515,49.003123],[2.681441,49.003314],[2.678366,49.003407],[2.675291,49.003428],[2.672215,49.003407],[2.66914,49.003349],[2.666065,49.003366],[2.66299,49.003477],[2.659915,49.003574],[2.659003,49.00362],[2.654788,49.003705],[2.653765,49.003716],[2.652723,49.00372],[2.648775,49.003811],[2.647615,49.003816],[2.646463,49.003806],[2.642717,49.003884],[2.641464,49.00388],[2.640241,49.003864],[2.636707,49.003991],[2.635314,49.004016],[2.632239,49.004096],[2.632149,49.0041],[2.629164,49.004195],[2.626089,49.004333],[2.623014,49.004433],[2.619939,49.004503],[2.617601,49.004537],[2.616863,49.004557],[2.615326,49.0046],[2.615025,49.004618],[2.614406,49.004625],[2.613788,49.004635],[2.613289,49.004674],[2.61302,49.004696],[2.612634,49.004747],[2.612251,49.00481],[2.611487,49.004956],[2.611482,49.004957],[2.611475,49.004958],[2.611084,49.004992],[2.610713,49.004982],[2.610645,49.004957],[2.610329,49.004828],[2.610295,49.004816],[2.609944,49.004714],[2.60956,49.004713],[2.609175,49.004712],[2.608754,49.00474],[2.608407,49.004765],[2.607638,49.004805],[2.606869,49.004847],[2.6061,49.004876],[2.605332,49.004887],[2.604946,49.004876],[2.604563,49.004882],[2.60424,49.004915],[2.603773,49.004907],[2.603303,49.004883],[2.603025,49.004884],[2.602767,49.004868],[2.601598,49.004761],[2.601487,49.004746],[2.601412,49.004736],[2.600931,49.004681],[2.600054,49.004605],[2.599949,49.004595],[2.599799,49.004571],[2.598748,49.004435],[2.598412,49.004373],[2.597142,49.00412],[2.596999,49.004097],[2.596874,49.004079],[2.596105,49.003991],[2.595336,49.003901],[2.594565,49.003769],[2.593798,49.003625],[2.593622,49.003592],[2.593463,49.00356],[2.59226,49.003335],[2.591984,49.003279],[2.591491,49.003187],[2.590722,49.003043],[2.590405,49.002999],[2.590021,49.002949],[2.589844,49.002919],[2.589185,49.002792],[2.588789,49.002727],[2.587762,49.002523],[2.587647,49.002505],[2.587573,49.002492],[2.587273,49.002438],[2.586318,49.002286],[2.586109,49.002253],[2.584571,49.001949],[2.584378,49.001912],[2.584181,49.001877],[2.583033,49.001687],[2.582535,49.001597],[2.582265,49.001551],[2.581881,49.001488],[2.581496,49.001433],[2.581112,49.001398],[2.580727,49.001369],[2.580069,49.001316],[2.579976,49.00131],[2.579958,49.001308],[2.579575,49.001284],[2.579189,49.001279],[2.578421,49.001281],[2.577652,49.001289],[2.576883,49.001306],[2.576459,49.001317],[2.576114,49.001327],[2.575345,49.00135],[2.574577,49.001386],[2.573808,49.001446],[2.573218,49.001491],[2.572271,49.001572],[2.570733,49.001738],[2.569201,49.001881],[2.569196,49.001881],[2.567658,49.002019],[2.566121,49.002129],[2.564583,49.002224],[2.563046,49.002304],[2.561508,49.002346],[2.55997,49.002345],[2.558433,49.002371],[2.556895,49.002363],[2.555358,49.002303],[2.55382,49.00224],[2.552283,49.002129],[2.550745,49.00201],[2.549207,49.001956],[2.549114,49.001951],[2.547875,49.001883],[2.546501,49.001816],[2.546132,49.001791],[2.543057,49.001533],[2.539982,49.00118],[2.536907,49.000885],[2.536081,49.000758],[2.533832,49.000394],[2.530757,48.999891],[2.530455,48.999855],[2.528156,48.999633],[2.527683,48.999582],[2.524608,48.999278],[2.521533,48.998949],[2.518458,48.99867],[2.516875,48.998507],[2.515384,48.998327],[2.512309,48.997935],[2.511332,48.997791],[2.507751,48.99734],[2.50616,48.997116],[2.503825,48.996795],[2.502536,48.996655],[2.502123,48.996606],[2.500011,48.996351],[2.499338,48.996253],[2.496937,48.995859],[2.493862,48.995398],[2.493324,48.995323],[2.491966,48.995125],[2.490788,48.994963],[2.488902,48.99469],[2.487714,48.994505],[2.48464,48.994029],[2.484427,48.993997],[2.481566,48.993442],[2.478818,48.99287],[2.478493,48.992787],[2.475419,48.992173],[2.473952,48.991966],[2.473217,48.991864],[2.472492,48.991742],[2.472345,48.991709],[2.470799,48.99137],[2.470026,48.9912],[2.469644,48.991109],[2.469272,48.991003],[2.468926,48.990869],[2.468395,48.990615],[2.4671,48.989956],[2.466635,48.989767],[2.4662,48.989556],[2.466109,48.98949],[2.465859,48.989222],[2.465677,48.988928],[2.465581,48.988648],[2.465573,48.988366],[2.46575,48.988053],[2.466072,48.987804],[2.466203,48.987756],[2.466897,48.987504],[2.467241,48.987373],[2.467591,48.987243],[2.467677,48.98722],[2.467741,48.987218],[2.467825,48.987212],[2.46855,48.98717],[2.468914,48.987159],[2.469278,48.987159],[2.469799,48.987188],[2.470318,48.987245],[2.470815,48.987311],[2.471156,48.987289],[2.471499,48.987246],[2.471926,48.987214],[2.472352,48.98719],[2.473638,48.987063],[2.474185,48.987031],[2.475427,48.986927],[2.476439,48.986865],[2.477549,48.986821],[2.478501,48.98673],[2.479242,48.986668],[2.480908,48.986615],[2.481575,48.986568],[2.482129,48.986533],[2.484219,48.986444],[2.48465,48.986416],[2.485011,48.986394],[2.487442,48.986337],[2.487724,48.986326],[2.48798,48.986319],[2.490589,48.986286],[2.490798,48.986281],[2.490993,48.986275],[2.493679,48.986275],[2.493872,48.986272],[2.494058,48.98627],[2.496711,48.986308],[2.496946,48.986305],[2.497176,48.986304],[2.499718,48.986358],[2.50002,48.986359],[2.500335,48.986367],[2.502654,48.98646],[2.503095,48.986474],[2.503573,48.986488],[2.505602,48.986554],[2.506169,48.986571],[2.507706,48.986609],[2.509243,48.986656],[2.510771,48.986703],[2.51078,48.986703],[2.512317,48.98675],[2.512456,48.986754],[2.513212,48.986796],[2.514379,48.986882],[2.515391,48.986913],[2.516505,48.986957],[2.517268,48.987018],[2.517579,48.987029],[2.518465,48.987064],[2.520002,48.987147],[2.521539,48.987238],[2.522002,48.987268],[2.523076,48.98734],[2.523291,48.987347],[2.524613,48.987423],[2.52615,48.987517],[2.527687,48.987602],[2.529224,48.987691],[2.530761,48.987772],[2.532299,48.987829],[2.532441,48.987832],[2.533836,48.987854],[2.535373,48.987889],[2.53691,48.98791],[2.538447,48.987944],[2.539984,48.988002],[2.541521,48.988067],[2.543058,48.988111],[2.544596,48.988145],[2.546133,48.9882],[2.54767,48.988265],[2.549207,48.988259],[2.550744,48.98834],[2.551456,48.988395],[2.552281,48.988453],[2.553818,48.988543],[2.555356,48.98861],[2.556893,48.988678],[2.55843,48.988767],[2.559967,48.988912],[2.560333,48.988956],[2.56092,48.989018],[2.561504,48.989087],[2.561891,48.989152],[2.562276,48.989227],[2.563041,48.989383],[2.563713,48.989518],[2.564579,48.989681],[2.565152,48.989798],[2.565347,48.989837],[2.566116,48.989973],[2.566759,48.990079],[2.566885,48.990099],[2.567653,48.990229],[2.568036,48.990293],[2.568422,48.990345],[2.568613,48.99036],[2.569191,48.990403],[2.569257,48.990408],[2.569835,48.99045],[2.569959,48.990456],[2.570085,48.990452],[2.570608,48.990447],[2.570728,48.99044],[2.571112,48.990404],[2.571496,48.99037],[2.57188,48.99036],[2.572265,48.990364],[2.573034,48.990389],[2.573419,48.990396],[2.573802,48.990412],[2.574188,48.990454],[2.574571,48.990511],[2.574954,48.990576],[2.57534,48.990629],[2.575459,48.990639],[2.576108,48.990688],[2.576877,48.990753],[2.577261,48.990776],[2.577645,48.990788],[2.57803,48.990786],[2.578414,48.990778],[2.579183,48.990772],[2.579951,48.990791],[2.58072,48.990813],[2.581488,48.990828],[2.582257,48.990867],[2.582845,48.990918],[2.582994,48.99093],[2.583026,48.990933],[2.583794,48.990969],[2.584563,48.990986],[2.585332,48.99099],[2.5861,48.990968],[2.586869,48.990972],[2.587637,48.990974],[2.588406,48.990975],[2.589175,48.990982],[2.589943,48.990986],[2.590712,48.991013],[2.591481,48.991031],[2.592249,48.991024],[2.592757,48.991008],[2.593786,48.99096],[2.595298,48.990909],[2.595323,48.990908],[2.595708,48.990888],[2.596092,48.990872],[2.596476,48.990872],[2.596861,48.990882],[2.597404,48.990913],[2.597629,48.990928],[2.598398,48.990956],[2.598723,48.990972],[2.599935,48.991022],[2.601472,48.991006],[2.60301,48.991003],[2.604547,48.991087],[2.605318,48.991128],[2.606084,48.991187],[2.606106,48.99119],[2.607428,48.991331],[2.607622,48.991357],[2.607897,48.99139],[2.608767,48.991475],[2.609159,48.991516],[2.609703,48.991586],[2.610101,48.991624],[2.610697,48.991653],[2.61158,48.991749],[2.611989,48.991794],[2.612234,48.99181],[2.613771,48.991916],[2.615309,48.99206],[2.616846,48.99223],[2.617673,48.992307],[2.618313,48.992359],[2.618384,48.992363],[2.618469,48.992369],[2.619752,48.99243],[2.619921,48.992439],[2.621459,48.992533],[2.622996,48.992628],[2.624533,48.992728],[2.626071,48.992827],[2.626668,48.992864],[2.627608,48.992914],[2.629146,48.993012],[2.630683,48.993118],[2.632221,48.993207],[2.633758,48.993271],[2.635295,48.993331],[2.635509,48.993341],[2.636833,48.993411],[2.636956,48.993418],[2.63837,48.993486],[2.639908,48.993552],[2.641445,48.993609],[2.642982,48.993663],[2.64452,48.993714],[2.646057,48.99377],[2.647595,48.993821],[2.649132,48.993886],[2.650669,48.993952],[2.651026,48.993968],[2.652116,48.994034],[2.652322,48.994051],[2.653744,48.99414],[2.654945,48.994211],[2.655709,48.994276],[2.65682,48.994343],[2.657752,48.994404],[2.659117,48.994516],[2.659895,48.994568],[2.66297,48.994856],[2.665139,48.995079],[2.665928,48.995164],[2.666045,48.995179],[2.666208,48.995196],[2.668617,48.995444],[2.669121,48.995495],[2.669731,48.99552],[2.671455,48.995614],[2.672196,48.995661],[2.673068,48.995708],[2.6743,48.995779],[2.675271,48.995851],[2.676506,48.995969],[2.677055,48.99601],[2.678347,48.996109],[2.679167,48.996187],[2.680624,48.996332],[2.681422,48.996418],[2.684498,48.996769],[2.685591,48.996905],[2.687574,48.997194],[2.688368,48.997301],[2.690226,48.997608],[2.69065,48.997677],[2.691312,48.99778],[2.69276,48.998001],[2.693726,48.998174],[2.69441,48.998287],[2.695085,48.998416],[2.695265,48.998462],[2.696029,48.998616],[2.696803,48.99875],[2.697427,48.998854],[2.698043,48.998974],[2.698341,48.999054],[2.69988,48.999448],[2.700203,48.999533],[2.700513,48.999655],[2.700807,48.999796],[2.701419,49.000076],[2.701453,49.000094],[2.70146,49.000109],[2.701546,49.000393],[2.701486,49.000656],[2.701455,49.000681],[2.701334,49.00072],[2.700595,49.001005],[2.700245,49.001166],[2.699886,49.001317],[2.699444,49.001459],[2.698292,49.001784]]]]}},{"type":"Feature","properties":{"ZONE":"B","CODE_OACI":"LFPG","NOM":"P. CH. DE GAULLE","INDLDENEXT":"65","INDLDENINT":"70","DATE_ARRET":"2007/04/03","REF_DOC":"http://piece-jointe-carto.developpement-durable.gouv.fr/NAT003/PEB/PEB_LFPG_03_04_2007.pdf"},"geometry":{"type":"MultiPolygon","coordinates":[[[[2.6743,49.033091],[2.674816,49.032745],[2.675059,49.032557],[2.675365,49.032415],[2.675892,49.032256],[2.675905,49.032159],[2.675363,49.0319],[2.675094,49.031749],[2.674879,49.03157],[2.674681,49.031383],[2.674474,49.031199],[2.67424,49.031037],[2.67385,49.030851],[2.673434,49.030686],[2.672692,49.030402],[2.672282,49.030245],[2.67135,49.029916],[2.670917,49.02979],[2.67037,49.029645],[2.669203,49.029354],[2.668612,49.029227],[2.666452,49.028798],[2.666125,49.02874],[2.663047,49.028268],[2.661507,49.028092],[2.65997,49.027909],[2.659334,49.027798],[2.6587,49.027681],[2.658055,49.027575],[2.657402,49.027496],[2.657169,49.027481],[2.656819,49.027437],[2.656474,49.027378],[2.653814,49.026869],[2.65216,49.026648],[2.648662,49.026175],[2.647659,49.026068],[2.646936,49.025972],[2.643796,49.025447],[2.641504,49.025159],[2.63535,49.024354],[2.629196,49.023641],[2.625942,49.023212],[2.623042,49.022833],[2.619965,49.022471],[2.617045,49.022094],[2.616888,49.022075],[2.613811,49.021701],[2.610734,49.021378],[2.607657,49.021071],[2.606638,49.020976],[2.604581,49.020813],[2.601504,49.020586],[2.598428,49.020313],[2.595351,49.020075],[2.592521,49.019858],[2.592297,49.019842],[2.592275,49.019841],[2.589198,49.019505],[2.586122,49.019174],[2.583046,49.018917],[2.580937,49.018738],[2.579969,49.018661],[2.578431,49.018524],[2.576893,49.01836],[2.575355,49.018189],[2.575283,49.018178],[2.573817,49.017929],[2.573043,49.017824],[2.572658,49.017769],[2.572279,49.0177],[2.572077,49.017653],[2.571897,49.017616],[2.57074,49.017369],[2.570423,49.017287],[2.56928,49.017055],[2.569202,49.017039],[2.567664,49.016822],[2.566126,49.01662],[2.564588,49.016508],[2.564312,49.016494],[2.56305,49.016425],[2.561512,49.016396],[2.559974,49.01643],[2.558817,49.016494],[2.558436,49.016513],[2.556898,49.016612],[2.55536,49.016698],[2.553822,49.016811],[2.552284,49.016958],[2.551362,49.017057],[2.550746,49.017119],[2.549208,49.017212],[2.548712,49.017238],[2.54767,49.017301],[2.546132,49.017375],[2.544594,49.017454],[2.543056,49.017468],[2.542513,49.017453],[2.542051,49.017446],[2.541518,49.017434],[2.541038,49.017407],[2.540419,49.017378],[2.53998,49.017349],[2.538442,49.017228],[2.536904,49.017074],[2.536884,49.017071],[2.536768,49.017056],[2.535366,49.016852],[2.534712,49.016733],[2.533828,49.016589],[2.533326,49.016494],[2.53229,49.016286],[2.530752,49.016003],[2.530625,49.015978],[2.530367,49.015932],[2.529214,49.015711],[2.527676,49.01542],[2.527399,49.015369],[2.526138,49.015123],[2.525573,49.015013],[2.525089,49.014919],[2.524601,49.014838],[2.524339,49.014807],[2.523063,49.01462],[2.521525,49.014408],[2.520113,49.014244],[2.519987,49.014229],[2.518449,49.014104],[2.516911,49.014008],[2.515373,49.013945],[2.513836,49.013887],[2.512298,49.01382],[2.51076,49.013752],[2.509222,49.013679],[2.509204,49.013679],[2.507684,49.013605],[2.506146,49.013515],[2.505041,49.013475],[2.503071,49.013404],[2.499995,49.013249],[2.496919,49.013156],[2.493843,49.013173],[2.493761,49.013171],[2.492108,49.01311],[2.490768,49.013057],[2.487692,49.012921],[2.484617,49.012748],[2.481541,49.012542],[2.481541,49.012542],[2.480003,49.012446],[2.478466,49.012351],[2.476928,49.012274],[2.47539,49.01219],[2.473309,49.012157],[2.472314,49.012168],[2.469239,49.012166],[2.466163,49.012143],[2.464624,49.012108],[2.463855,49.012093],[2.463087,49.0121],[2.462891,49.012111],[2.457258,49.012199],[2.456936,49.012216],[2.456573,49.012228],[2.451387,49.0124],[2.450784,49.012424],[2.45008,49.012472],[2.44568,49.01272],[2.445154,49.012751],[2.444632,49.012794],[2.444278,49.012838],[2.443926,49.012888],[2.443574,49.012938],[2.443221,49.012982],[2.44246,49.013045],[2.441696,49.013093],[2.440167,49.013182],[2.438479,49.013265],[2.436463,49.013419],[2.434615,49.013616],[2.432326,49.013903],[2.430445,49.014187],[2.429249,49.014442],[2.426172,49.015002],[2.424707,49.015305],[2.423094,49.015646],[2.420017,49.01626],[2.419277,49.016424],[2.416939,49.01705],[2.416146,49.017279],[2.415757,49.017402],[2.415385,49.017543],[2.414947,49.017779],[2.414525,49.018028],[2.414199,49.018203],[2.413859,49.018377],[2.413438,49.018665],[2.413418,49.018906],[2.413499,49.019162],[2.413544,49.019284],[2.413662,49.019548],[2.413848,49.019789],[2.413855,49.019795],[2.414226,49.020084],[2.414631,49.020352],[2.414999,49.020543],[2.415391,49.020713],[2.415935,49.020916],[2.416927,49.021304],[2.417276,49.021417],[2.417619,49.021536],[2.418124,49.021784],[2.41862,49.022043],[2.418951,49.022186],[2.419293,49.022319],[2.419642,49.022442],[2.420001,49.02255],[2.420376,49.022629],[2.420759,49.022692],[2.421533,49.022806],[2.422309,49.022919],[2.423076,49.023049],[2.423611,49.023172],[2.424874,49.023408],[2.425511,49.023515],[2.426151,49.023609],[2.426916,49.023678],[2.427686,49.023732],[2.429227,49.023829],[2.432303,49.023933],[2.435379,49.024028],[2.438455,49.024131],[2.441532,49.024245],[2.442547,49.024315],[2.444608,49.02444],[2.447684,49.024627],[2.45076,49.024779],[2.45141,49.024798],[2.453059,49.024892],[2.453836,49.024921],[2.454708,49.024963],[2.455934,49.025042],[2.456912,49.025101],[2.459988,49.025328],[2.461831,49.025455],[2.463065,49.02552],[2.466141,49.025678],[2.467853,49.025772],[2.469217,49.025847],[2.470755,49.0259],[2.472294,49.025956],[2.473832,49.026014],[2.474022,49.026026],[2.47537,49.026108],[2.476001,49.026128],[2.477961,49.026235],[2.478446,49.026257],[2.478871,49.02628],[2.48123,49.026378],[2.481523,49.026397],[2.483061,49.026459],[2.484599,49.026525],[2.486137,49.026586],[2.486336,49.026595],[2.487529,49.026649],[2.487676,49.026652],[2.489214,49.026704],[2.490752,49.026757],[2.49229,49.026834],[2.493829,49.026933],[2.495367,49.027016],[2.496905,49.02708],[2.498443,49.027137],[2.499305,49.027163],[2.499982,49.027186],[2.500049,49.027188],[2.50152,49.027232],[2.502708,49.027292],[2.503058,49.027302],[2.504596,49.027386],[2.505435,49.027421],[2.506135,49.027449],[2.507673,49.027516],[2.508198,49.027536],[2.509211,49.027574],[2.51075,49.027637],[2.512288,49.02771],[2.513003,49.02773],[2.513826,49.027755],[2.515365,49.027828],[2.516533,49.027866],[2.516903,49.027872],[2.518441,49.027895],[2.51998,49.027914],[2.521518,49.027885],[2.523056,49.027795],[2.524133,49.027733],[2.524595,49.027709],[2.525364,49.027645],[2.526133,49.027603],[2.526902,49.02758],[2.527671,49.027596],[2.528057,49.027616],[2.528441,49.027644],[2.5288,49.027685],[2.529157,49.027734],[2.529196,49.027739],[2.52921,49.02774],[2.529597,49.027809],[2.529979,49.027893],[2.53036,49.027945],[2.530748,49.027974],[2.531133,49.027992],[2.531517,49.028005],[2.531541,49.028006],[2.531858,49.028015],[2.532286,49.028028],[2.533056,49.028051],[2.533825,49.028076],[2.534594,49.028105],[2.535363,49.028117],[2.536132,49.02817],[2.536901,49.028232],[2.537642,49.028297],[2.537671,49.028299],[2.53844,49.028349],[2.539209,49.028393],[2.539978,49.028431],[2.540747,49.028468],[2.541516,49.028504],[2.542286,49.028556],[2.542557,49.028578],[2.543055,49.028622],[2.543824,49.028689],[2.544593,49.028777],[2.545362,49.028858],[2.545367,49.028859],[2.546132,49.028948],[2.546534,49.028993],[2.546683,49.029018],[2.547186,49.029067],[2.54767,49.029118],[2.548039,49.029151],[2.548941,49.029225],[2.549208,49.029234],[2.549978,49.029291],[2.550747,49.029385],[2.550989,49.029421],[2.551516,49.029506],[2.552285,49.029616],[2.55256,49.029652],[2.553824,49.029823],[2.554428,49.029872],[2.554895,49.029918],[2.555362,49.029958],[2.555719,49.029972],[2.556077,49.029983],[2.556129,49.029985],[2.556134,49.029985],[2.556354,49.029983],[2.5569,49.029978],[2.557016,49.029983],[2.55763,49.030012],[2.557719,49.030018],[2.558439,49.030073],[2.559977,49.03021],[2.561516,49.030333],[2.563054,49.030444],[2.564593,49.030532],[2.564608,49.030533],[2.564998,49.030544],[2.566131,49.030581],[2.56741,49.030638],[2.56767,49.030649],[2.569208,49.030651],[2.569821,49.030655],[2.570747,49.030674],[2.571516,49.030688],[2.572285,49.030704],[2.573054,49.030721],[2.573439,49.030742],[2.573823,49.030754],[2.574208,49.030741],[2.574593,49.030727],[2.574977,49.030741],[2.575362,49.030768],[2.576131,49.030817],[2.576212,49.030823],[2.5769,49.030873],[2.57767,49.030928],[2.578439,49.030971],[2.579208,49.031008],[2.579977,49.031053],[2.580728,49.031096],[2.580739,49.031096],[2.580753,49.031098],[2.580832,49.031102],[2.581516,49.03115],[2.582285,49.031203],[2.583054,49.031254],[2.58357,49.031288],[2.584593,49.031361],[2.586132,49.031458],[2.58767,49.03155],[2.588151,49.031574],[2.589209,49.031629],[2.589751,49.031661],[2.589978,49.031676],[2.590747,49.031721],[2.591516,49.031768],[2.592286,49.031816],[2.593055,49.031868],[2.593824,49.031919],[2.594146,49.031941],[2.594594,49.031976],[2.595363,49.032036],[2.596267,49.032105],[2.596901,49.032161],[2.597715,49.03222],[2.59844,49.03228],[2.599586,49.032363],[2.599979,49.032386],[2.601517,49.032499],[2.603056,49.032613],[2.604595,49.032725],[2.604661,49.03273],[2.60533,49.032779],[2.606133,49.032845],[2.607672,49.032964],[2.60921,49.033084],[2.610236,49.033151],[2.610749,49.033186],[2.611097,49.03321],[2.611518,49.033237],[2.612288,49.033288],[2.612997,49.033337],[2.613051,49.033341],[2.613064,49.033342],[2.613826,49.033402],[2.614436,49.033453],[2.61479,49.033477],[2.615365,49.033521],[2.615831,49.033557],[2.616503,49.033604],[2.616904,49.033633],[2.618442,49.033732],[2.619981,49.033819],[2.620995,49.033894],[2.62152,49.03393],[2.623058,49.034029],[2.624167,49.034094],[2.626136,49.034116],[2.629213,49.034284],[2.630594,49.034334],[2.630903,49.034338],[2.63229,49.034396],[2.633041,49.03442],[2.633814,49.034436],[2.633843,49.034436],[2.634294,49.034446],[2.634598,49.034453],[2.635368,49.034469],[2.636675,49.034487],[2.636906,49.034491],[2.638445,49.034493],[2.639983,49.034485],[2.641522,49.034467],[2.642232,49.03444],[2.644599,49.034346],[2.645128,49.034341],[2.647676,49.034351],[2.649214,49.034388],[2.650468,49.034433],[2.650753,49.034443],[2.652215,49.034488],[2.652376,49.034493],[2.65383,49.034531],[2.655226,49.034533],[2.655516,49.034536],[2.656907,49.034517],[2.658376,49.034477],[2.658515,49.034476],[2.659884,49.034424],[2.659984,49.03442],[2.661523,49.034349],[2.663061,49.034272],[2.664599,49.034197],[2.666138,49.034098],[2.667676,49.033978],[2.669214,49.033904],[2.669719,49.033852],[2.670752,49.033719],[2.67229,49.033484],[2.673434,49.033286],[2.6743,49.033091]],[[2.623215,49.030239],[2.623053,49.030261],[2.622814,49.030283],[2.621515,49.030387],[2.619976,49.030514],[2.619967,49.030515],[2.619834,49.030522],[2.618438,49.030568],[2.6169,49.030609],[2.615361,49.030645],[2.613823,49.030665],[2.612284,49.030684],[2.610746,49.030682],[2.609207,49.030682],[2.607669,49.030671],[2.607479,49.030668],[2.606315,49.030665],[2.606131,49.030662],[2.605956,49.030658],[2.604751,49.030647],[2.604592,49.030643],[2.603054,49.03061],[2.601515,49.030579],[2.599977,49.030544],[2.599925,49.030543],[2.59958,49.030533],[2.598478,49.030505],[2.598438,49.030504],[2.597669,49.030477],[2.5969,49.030457],[2.596131,49.030436],[2.595361,49.030401],[2.594592,49.030364],[2.593823,49.030332],[2.593054,49.030296],[2.592329,49.030255],[2.592284,49.030252],[2.592265,49.030252],[2.590746,49.030171],[2.589207,49.030079],[2.58888,49.030059],[2.588522,49.030037],[2.588366,49.030029],[2.588032,49.030007],[2.587669,49.029984],[2.587559,49.029976],[2.587062,49.029947],[2.5869,49.029938],[2.58613,49.029893],[2.585361,49.029848],[2.584592,49.029801],[2.583823,49.029752],[2.583053,49.029703],[2.583039,49.029702],[2.582959,49.029697],[2.582284,49.029658],[2.581515,49.029613],[2.580746,49.029566],[2.579976,49.029519],[2.579207,49.029471],[2.578438,49.029419],[2.578415,49.029417],[2.577669,49.029369],[2.576899,49.029318],[2.57613,49.029267],[2.575361,49.029217],[2.574592,49.029167],[2.574041,49.029137],[2.573823,49.029126],[2.573053,49.02908],[2.572284,49.029037],[2.572135,49.029029],[2.571692,49.029009],[2.571515,49.028998],[2.571308,49.028987],[2.570974,49.028971],[2.570746,49.028959],[2.569977,49.028918],[2.569207,49.028877],[2.568515,49.028857],[2.568438,49.028855],[2.567669,49.028836],[2.5669,49.028783],[2.56613,49.028739],[2.565361,49.028703],[2.564592,49.028663],[2.563823,49.028607],[2.563499,49.028577],[2.563098,49.028545],[2.563054,49.02854],[2.562995,49.028534],[2.562413,49.028483],[2.562284,49.02847],[2.562113,49.028452],[2.561733,49.028418],[2.561515,49.028394],[2.561226,49.028366],[2.561052,49.028354],[2.560746,49.028333],[2.560379,49.028309],[2.560347,49.028307],[2.560195,49.028296],[2.559977,49.028282],[2.559466,49.028249],[2.559208,49.028233],[2.558689,49.028202],[2.558438,49.028188],[2.558054,49.028178],[2.557669,49.028179],[2.557285,49.028202],[2.5569,49.028248],[2.556643,49.028297],[2.556516,49.02832],[2.556131,49.028377],[2.555746,49.028395],[2.555362,49.028399],[2.555077,49.028385],[2.554593,49.028365],[2.553863,49.028297],[2.553823,49.028294],[2.553054,49.028218],[2.552285,49.028142],[2.551516,49.028071],[2.550985,49.028016],[2.550772,49.027997],[2.550747,49.027995],[2.550715,49.027993],[2.550061,49.027955],[2.549977,49.02795],[2.549883,49.027947],[2.549333,49.027925],[2.549208,49.027918],[2.548439,49.027895],[2.54767,49.027845],[2.546901,49.027786],[2.546325,49.027735],[2.546132,49.027719],[2.545747,49.027685],[2.545362,49.027647],[2.544978,49.027615],[2.544787,49.027594],[2.544593,49.027574],[2.544209,49.027533],[2.543824,49.027495],[2.54344,49.027476],[2.543152,49.027454],[2.543055,49.027447],[2.542741,49.027428],[2.54267,49.027424],[2.542286,49.027383],[2.541901,49.027369],[2.541517,49.027363],[2.54139,49.027361],[2.540897,49.027344],[2.540747,49.027339],[2.54058,49.027332],[2.540166,49.027317],[2.539978,49.027308],[2.539763,49.027297],[2.539444,49.027282],[2.539209,49.02727],[2.538937,49.027255],[2.538727,49.027244],[2.53844,49.027225],[2.537684,49.027173],[2.537674,49.027172],[2.537671,49.027172],[2.537661,49.027171],[2.536902,49.0271],[2.536517,49.027058],[2.536232,49.027032],[2.536133,49.027023],[2.535748,49.026986],[2.535363,49.026945],[2.534734,49.026917],[2.534594,49.026912],[2.53433,49.026891],[2.533869,49.026859],[2.533825,49.026855],[2.533771,49.026851],[2.533152,49.026821],[2.533056,49.026816],[2.532947,49.026811],[2.532418,49.026795],[2.532287,49.026791],[2.532144,49.026787],[2.531682,49.026771],[2.531518,49.026764],[2.531326,49.026751],[2.530974,49.026726],[2.530861,49.026709],[2.530748,49.026696],[2.530364,49.026637],[2.530227,49.02661],[2.530062,49.026579],[2.529979,49.026561],[2.529712,49.026469],[2.529631,49.026443],[2.529595,49.026428],[2.529473,49.02638],[2.529376,49.026348],[2.52931,49.026329],[2.52921,49.026302],[2.529078,49.026258],[2.529018,49.026238],[2.528826,49.026196],[2.528785,49.026188],[2.528633,49.02616],[2.528441,49.026136],[2.528375,49.02613],[2.528057,49.026099],[2.527672,49.026073],[2.527287,49.026056],[2.526903,49.026048],[2.526778,49.026047],[2.526518,49.026045],[2.526199,49.026047],[2.526134,49.026047],[2.525799,49.026065],[2.525777,49.026068],[2.525716,49.026071],[2.525365,49.026094],[2.525066,49.02611],[2.524884,49.026117],[2.524595,49.026126],[2.524323,49.026129],[2.524091,49.026134],[2.523826,49.026141],[2.523578,49.026146],[2.523295,49.026154],[2.523057,49.026158],[2.522829,49.026161],[2.522507,49.026167],[2.522288,49.026168],[2.522068,49.026167],[2.521735,49.026169],[2.521519,49.026168],[2.52075,49.026165],[2.519981,49.02615],[2.519211,49.026128],[2.518442,49.026105],[2.517673,49.026082],[2.516904,49.02605],[2.516801,49.026045],[2.516135,49.026016],[2.515366,49.025975],[2.514597,49.025931],[2.513828,49.02589],[2.513058,49.02585],[2.512847,49.02584],[2.512289,49.025811],[2.51152,49.025773],[2.511301,49.025762],[2.510751,49.025738],[2.509982,49.025709],[2.509213,49.025676],[2.508444,49.025648],[2.507675,49.025614],[2.506905,49.025578],[2.506136,49.025537],[2.50501,49.025479],[2.50468,49.025464],[2.504598,49.025459],[2.50306,49.025382],[2.501522,49.025298],[2.499984,49.02521],[2.498445,49.025118],[2.496907,49.025022],[2.495369,49.024919],[2.495288,49.024913],[2.493977,49.024805],[2.493831,49.024791],[2.492293,49.024658],[2.490755,49.024528],[2.489217,49.024395],[2.488673,49.024348],[2.487679,49.02426],[2.486141,49.024107],[2.484602,49.023941],[2.483211,49.023783],[2.483086,49.023767],[2.483064,49.023764],[2.483032,49.023759],[2.481802,49.023581],[2.481527,49.023535],[2.479989,49.023236],[2.479956,49.023231],[2.479891,49.023219],[2.479172,49.02305],[2.478813,49.022963],[2.478451,49.022883],[2.478104,49.022826],[2.477755,49.022775],[2.477406,49.022722],[2.477064,49.022655],[2.476913,49.022614],[2.476534,49.022535],[2.476149,49.022467],[2.475375,49.022342],[2.474082,49.022181],[2.473838,49.02215],[2.473506,49.022091],[2.472903,49.021912],[2.4723,49.021735],[2.471922,49.021674],[2.471538,49.021627],[2.470762,49.021548],[2.470437,49.021527],[2.469842,49.021359],[2.469225,49.021133],[2.468929,49.020964],[2.469225,49.020904],[2.469904,49.020856],[2.470506,49.020777],[2.470882,49.020567],[2.471233,49.020318],[2.471585,49.020068],[2.471961,49.019842],[2.472303,49.01973],[2.475328,49.01872],[2.475381,49.018702],[2.475902,49.018432],[2.476421,49.018159],[2.47692,49.018029],[2.477303,49.017954],[2.477686,49.017882],[2.47807,49.017814],[2.478458,49.01776],[2.478842,49.017747],[2.479229,49.017749],[2.479615,49.017749],[2.479996,49.017728],[2.48058,49.017599],[2.481535,49.01741],[2.482302,49.017235],[2.482685,49.017147],[2.483073,49.017072],[2.483384,49.017039],[2.484611,49.016933],[2.486149,49.016825],[2.487688,49.01673],[2.489226,49.016645],[2.489615,49.016623],[2.490764,49.01658],[2.492302,49.016497],[2.492335,49.016494],[2.492513,49.016482],[2.49384,49.016397],[2.494937,49.016322],[2.495148,49.016315],[2.495605,49.016317],[2.496916,49.016276],[2.498156,49.016267],[2.498727,49.016285],[2.499992,49.016296],[2.501351,49.016355],[2.501691,49.016368],[2.503068,49.016431],[2.504604,49.016485],[2.504608,49.016485],[2.504651,49.016487],[2.506144,49.016532],[2.507682,49.016571],[2.50922,49.016591],[2.510758,49.016592],[2.512296,49.016561],[2.512464,49.016551],[2.513834,49.016543],[2.515372,49.016501],[2.515661,49.016491],[2.51691,49.016445],[2.517679,49.016439],[2.518448,49.016443],[2.518883,49.016465],[2.519317,49.016491],[2.519986,49.016525],[2.521524,49.016659],[2.523062,49.016797],[2.5246,49.016987],[2.524992,49.017055],[2.526138,49.017236],[2.527675,49.017509],[2.528289,49.017617],[2.529213,49.017762],[2.530751,49.017986],[2.532289,49.01818],[2.53229,49.01818],[2.53229,49.01818],[2.533586,49.018357],[2.533827,49.018404],[2.534179,49.018461],[2.534596,49.018526],[2.535365,49.018627],[2.536134,49.018715],[2.536426,49.018742],[2.536903,49.018784],[2.537854,49.01885],[2.538441,49.018883],[2.539827,49.018996],[2.539979,49.019007],[2.540197,49.019024],[2.540749,49.019063],[2.541518,49.019113],[2.542287,49.01914],[2.543056,49.01917],[2.543475,49.019177],[2.543825,49.019183],[2.544594,49.019162],[2.545363,49.019144],[2.546132,49.019134],[2.546901,49.019134],[2.54767,49.019141],[2.548439,49.019142],[2.549208,49.019123],[2.549977,49.019107],[2.550746,49.019052],[2.551148,49.019024],[2.551515,49.018996],[2.552284,49.018943],[2.552888,49.018914],[2.553822,49.018869],[2.55536,49.01881],[2.556883,49.018743],[2.556898,49.018742],[2.558436,49.01866],[2.559974,49.018615],[2.560744,49.018624],[2.561129,49.018632],[2.561513,49.018648],[2.561883,49.018685],[2.562254,49.018722],[2.562305,49.018725],[2.562464,49.018742],[2.563051,49.0188],[2.56382,49.018851],[2.564589,49.018914],[2.565358,49.019003],[2.565487,49.019023],[2.566127,49.019123],[2.566896,49.019291],[2.566943,49.019303],[2.567358,49.019416],[2.567665,49.019521],[2.567805,49.019559],[2.568063,49.019657],[2.56867,49.019865],[2.568855,49.019929],[2.569203,49.02008],[2.569529,49.020196],[2.56986,49.020307],[2.570149,49.020427],[2.570448,49.020642],[2.570569,49.020771],[2.570621,49.020796],[2.570742,49.020835],[2.57137,49.020989],[2.571438,49.021002],[2.571464,49.021006],[2.571477,49.021007],[2.571485,49.021008],[2.571546,49.021014],[2.57228,49.021096],[2.572831,49.021148],[2.573324,49.021189],[2.573818,49.021228],[2.575357,49.021363],[2.576895,49.02148],[2.577827,49.021549],[2.578433,49.021594],[2.579971,49.021714],[2.58151,49.021867],[2.583048,49.022048],[2.583503,49.022109],[2.584586,49.022269],[2.586125,49.022518],[2.586912,49.022684],[2.58813,49.022891],[2.589201,49.023096],[2.589887,49.023231],[2.59074,49.023442],[2.592279,49.023788],[2.592302,49.023792],[2.593817,49.024131],[2.594977,49.024353],[2.595356,49.024445],[2.596894,49.024806],[2.597406,49.024914],[2.598433,49.02514],[2.600075,49.025475],[2.600828,49.025599],[2.60151,49.025679],[2.604587,49.026068],[2.607664,49.026487],[2.608445,49.026595],[2.610334,49.026892],[2.610741,49.026966],[2.611416,49.027086],[2.612715,49.027314],[2.613474,49.027465],[2.614047,49.027549],[2.614986,49.027715],[2.615357,49.027779],[2.616896,49.028041],[2.618192,49.028275],[2.618382,49.028314],[2.618435,49.028325],[2.618528,49.028343],[2.619589,49.028556],[2.619974,49.028639],[2.62109,49.028836],[2.62128,49.028878],[2.621512,49.028943],[2.623051,49.029292],[2.623466,49.029396],[2.623691,49.02962],[2.623941,49.02987],[2.62407,49.029958],[2.623822,49.030053],[2.623215,49.030239]]],[[[2.698292,49.001784],[2.699444,49.001459],[2.699886,49.001317],[2.700245,49.001166],[2.700595,49.001005],[2.701334,49.00072],[2.701455,49.000681],[2.701486,49.000656],[2.701546,49.000393],[2.70146,49.000109],[2.701453,49.000094],[2.701419,49.000076],[2.700807,48.999796],[2.700513,48.999655],[2.700203,48.999533],[2.69988,48.999448],[2.698341,48.999054],[2.698043,48.998974],[2.697427,48.998854],[2.696803,48.99875],[2.696029,48.998616],[2.695265,48.998462],[2.695085,48.998416],[2.69441,48.998287],[2.693726,48.998174],[2.69276,48.998001],[2.691312,48.99778],[2.69065,48.997677],[2.690226,48.997608],[2.688368,48.997301],[2.687574,48.997194],[2.685591,48.996905],[2.684498,48.996769],[2.681422,48.996418],[2.680624,48.996332],[2.679167,48.996187],[2.678347,48.996109],[2.677055,48.99601],[2.676506,48.995969],[2.675271,48.995851],[2.6743,48.995779],[2.673068,48.995708],[2.672196,48.995661],[2.671455,48.995614],[2.669731,48.99552],[2.669121,48.995495],[2.668617,48.995444],[2.666208,48.995196],[2.666045,48.995179],[2.665928,48.995164],[2.665139,48.995079],[2.66297,48.994856],[2.659895,48.994568],[2.659117,48.994516],[2.657752,48.994404],[2.65682,48.994343],[2.655709,48.994276],[2.654945,48.994211],[2.653744,48.99414],[2.652322,48.994051],[2.652116,48.994034],[2.651026,48.993968],[2.650669,48.993952],[2.649132,48.993886],[2.647595,48.993821],[2.646057,48.99377],[2.64452,48.993714],[2.642982,48.993663],[2.641445,48.993609],[2.639908,48.993552],[2.63837,48.993486],[2.636956,48.993418],[2.636833,48.993411],[2.635509,48.993341],[2.635295,48.993331],[2.633758,48.993271],[2.632221,48.993207],[2.630683,48.993118],[2.629146,48.993012],[2.627608,48.992914],[2.626668,48.992864],[2.626071,48.992827],[2.624533,48.992728],[2.622996,48.992628],[2.621459,48.992533],[2.619921,48.992439],[2.619752,48.99243],[2.618469,48.992369],[2.618384,48.992363],[2.618313,48.992359],[2.617673,48.992307],[2.616846,48.99223],[2.615309,48.99206],[2.613771,48.991916],[2.612234,48.99181],[2.611989,48.991794],[2.61158,48.991749],[2.610697,48.991653],[2.610101,48.991624],[2.609703,48.991586],[2.609159,48.991516],[2.608767,48.991475],[2.607897,48.99139],[2.607622,48.991357],[2.607428,48.991331],[2.606106,48.99119],[2.606084,48.991187],[2.605318,48.991128],[2.604547,48.991087],[2.60301,48.991003],[2.601472,48.991006],[2.599935,48.991022],[2.598723,48.990972],[2.598398,48.990956],[2.597629,48.990928],[2.597404,48.990913],[2.596861,48.990882],[2.596476,48.990872],[2.596092,48.990872],[2.595708,48.990888],[2.595323,48.990908],[2.595298,48.990909],[2.593786,48.99096],[2.592757,48.991008],[2.592249,48.991024],[2.591481,48.991031],[2.590712,48.991013],[2.589943,48.990986],[2.589175,48.990982],[2.588406,48.990975],[2.587637,48.990974],[2.586869,48.990972],[2.5861,48.990968],[2.585332,48.99099],[2.584563,48.990986],[2.583794,48.990969],[2.583026,48.990933],[2.582994,48.99093],[2.582845,48.990918],[2.582257,48.990867],[2.581488,48.990828],[2.58072,48.990813],[2.579951,48.990791],[2.579183,48.990772],[2.578414,48.990778],[2.57803,48.990786],[2.577645,48.990788],[2.577261,48.990776],[2.576877,48.990753],[2.576108,48.990688],[2.575459,48.990639],[2.57534,48.990629],[2.574954,48.990576],[2.574571,48.990511],[2.574188,48.990454],[2.573802,48.990412],[2.573419,48.990396],[2.573034,48.990389],[2.572265,48.990364],[2.57188,48.99036],[2.571496,48.99037],[2.571112,48.990404],[2.570728,48.99044],[2.570608,48.990447],[2.570085,48.990452],[2.569959,48.990456],[2.569835,48.99045],[2.569257,48.990408],[2.569191,48.990403],[2.568613,48.99036],[2.568422,48.990345],[2.568036,48.990293],[2.567653,48.990229],[2.566885,48.990099],[2.566759,48.990079],[2.566116,48.989973],[2.565347,48.989837],[2.565152,48.989798],[2.564579,48.989681],[2.563713,48.989518],[2.563041,48.989383],[2.562276,48.989227],[2.561891,48.989152],[2.561504,48.989087],[2.56092,48.989018],[2.560333,48.988956],[2.559967,48.988912],[2.55843,48.988767],[2.556893,48.988678],[2.555356,48.98861],[2.553818,48.988543],[2.552281,48.988453],[2.551456,48.988395],[2.550744,48.98834],[2.549207,48.988259],[2.54767,48.988265],[2.546133,48.9882],[2.544596,48.988145],[2.543058,48.988111],[2.541521,48.988067],[2.539984,48.988002],[2.538447,48.987944],[2.53691,48.98791],[2.535373,48.987889],[2.533836,48.987854],[2.532441,48.987832],[2.532299,48.987829],[2.530761,48.987772],[2.529224,48.987691],[2.527687,48.987602],[2.52615,48.987517],[2.524613,48.987423],[2.523291,48.987347],[2.523076,48.98734],[2.522002,48.987268],[2.521539,48.987238],[2.520002,48.987147],[2.518465,48.987064],[2.517579,48.987029],[2.517268,48.987018],[2.516505,48.986957],[2.515391,48.986913],[2.514379,48.986882],[2.513212,48.986796],[2.512456,48.986754],[2.512317,48.98675],[2.51078,48.986703],[2.510771,48.986703],[2.509243,48.986656],[2.507706,48.986609],[2.506169,48.986571],[2.505602,48.986554],[2.503573,48.986488],[2.503095,48.986474],[2.502654,48.98646],[2.500335,48.986367],[2.50002,48.986359],[2.499718,48.986358],[2.497176,48.986304],[2.496946,48.986305],[2.496711,48.986308],[2.494058,48.98627],[2.493872,48.986272],[2.493679,48.986275],[2.490993,48.986275],[2.490798,48.986281],[2.490589,48.986286],[2.48798,48.986319],[2.487724,48.986326],[2.487442,48.986337],[2.485011,48.986394],[2.48465,48.986416],[2.484219,48.986444],[2.482129,48.986533],[2.481575,48.986568],[2.480908,48.986615],[2.479242,48.986668],[2.478501,48.98673],[2.477549,48.986821],[2.476439,48.986865],[2.475427,48.986927],[2.474185,48.987031],[2.473638,48.987063],[2.472352,48.98719],[2.471926,48.987214],[2.471499,48.987246],[2.471156,48.987289],[2.470815,48.987311],[2.470318,48.987245],[2.469799,48.987188],[2.469278,48.987159],[2.468914,48.987159],[2.46855,48.98717],[2.467825,48.987212],[2.467741,48.987218],[2.467677,48.98722],[2.467591,48.987243],[2.467241,48.987373],[2.466897,48.987504],[2.466203,48.987756],[2.466072,48.987804],[2.46575,48.988053],[2.465573,48.988366],[2.465581,48.988648],[2.465677,48.988928],[2.465859,48.989222],[2.466109,48.98949],[2.4662,48.989556],[2.466635,48.989767],[2.4671,48.989956],[2.468395,48.990615],[2.468926,48.990869],[2.469272,48.991003],[2.469644,48.991109],[2.470026,48.9912],[2.470799,48.99137],[2.472345,48.991709],[2.472492,48.991742],[2.473217,48.991864],[2.473952,48.991966],[2.475419,48.992173],[2.478493,48.992787],[2.478818,48.99287],[2.481566,48.993442],[2.484427,48.993997],[2.48464,48.994029],[2.487714,48.994505],[2.488902,48.99469],[2.490788,48.994963],[2.491966,48.995125],[2.493324,48.995323],[2.493862,48.995398],[2.496937,48.995859],[2.499338,48.996253],[2.500011,48.996351],[2.502123,48.996606],[2.502536,48.996655],[2.503825,48.996795],[2.50616,48.997116],[2.507751,48.99734],[2.511332,48.997791],[2.512309,48.997935],[2.515384,48.998327],[2.516875,48.998507],[2.518458,48.99867],[2.521533,48.998949],[2.524608,48.999278],[2.527683,48.999582],[2.528156,48.999633],[2.530455,48.999855],[2.530757,48.999891],[2.533832,49.000394],[2.536081,49.000758],[2.536907,49.000885],[2.539982,49.00118],[2.543057,49.001533],[2.546132,49.001791],[2.546501,49.001816],[2.547875,49.001883],[2.549114,49.001951],[2.549207,49.001956],[2.550745,49.00201],[2.552283,49.002129],[2.55382,49.00224],[2.555358,49.002303],[2.556895,49.002363],[2.558433,49.002371],[2.55997,49.002345],[2.561508,49.002346],[2.563046,49.002304],[2.564583,49.002224],[2.566121,49.002129],[2.567658,49.002019],[2.569196,49.001881],[2.569201,49.001881],[2.570733,49.001738],[2.572271,49.001572],[2.573218,49.001491],[2.573808,49.001446],[2.574577,49.001386],[2.575345,49.00135],[2.576114,49.001327],[2.576459,49.001317],[2.576883,49.001306],[2.577652,49.001289],[2.578421,49.001281],[2.579189,49.001279],[2.579575,49.001284],[2.579958,49.001308],[2.579976,49.00131],[2.580069,49.001316],[2.580727,49.001369],[2.581112,49.001398],[2.581496,49.001433],[2.581881,49.001488],[2.582265,49.001551],[2.582535,49.001597],[2.583033,49.001687],[2.584181,49.001877],[2.584378,49.001912],[2.584571,49.001949],[2.586109,49.002253],[2.586318,49.002286],[2.587273,49.002438],[2.587573,49.002492],[2.587647,49.002505],[2.587762,49.002523],[2.588789,49.002727],[2.589185,49.002792],[2.589844,49.002919],[2.590021,49.002949],[2.590405,49.002999],[2.590722,49.003043],[2.591491,49.003187],[2.591984,49.003279],[2.59226,49.003335],[2.593463,49.00356],[2.593622,49.003592],[2.593798,49.003625],[2.594565,49.003769],[2.595336,49.003901],[2.596105,49.003991],[2.596874,49.004079],[2.596999,49.004097],[2.597142,49.00412],[2.598412,49.004373],[2.598748,49.004435],[2.599799,49.004571],[2.599949,49.004595],[2.600054,49.004605],[2.600931,49.004681],[2.601412,49.004736],[2.601487,49.004746],[2.601598,49.004761],[2.602767,49.004868],[2.603025,49.004884],[2.603303,49.004883],[2.603773,49.004907],[2.60424,49.004915],[2.604563,49.004882],[2.604946,49.004876],[2.605332,49.004887],[2.6061,49.004876],[2.606869,49.004847],[2.607638,49.004805],[2.608407,49.004765],[2.608754,49.00474],[2.609175,49.004712],[2.60956,49.004713],[2.609944,49.004714],[2.610295,49.004816],[2.610329,49.004828],[2.610645,49.004957],[2.610713,49.004982],[2.611084,49.004992],[2.611475,49.004958],[2.611482,49.004957],[2.611487,49.004956],[2.612251,49.00481],[2.612634,49.004747],[2.61302,49.004696],[2.613289,49.004674],[2.613788,49.004635],[2.614406,49.004625],[2.615025,49.004618],[2.615326,49.0046],[2.616863,49.004557],[2.617601,49.004537],[2.619939,49.004503],[2.623014,49.004433],[2.626089,49.004333],[2.629164,49.004195],[2.632149,49.0041],[2.632239,49.004096],[2.635314,49.004016],[2.636707,49.003991],[2.640241,49.003864],[2.641464,49.00388],[2.642717,49.003884],[2.646463,49.003806],[2.647615,49.003816],[2.648775,49.003811],[2.652723,49.00372],[2.653765,49.003716],[2.654788,49.003705],[2.659003,49.00362],[2.659915,49.003574],[2.66299,49.003477],[2.666065,49.003366],[2.66914,49.003349],[2.672215,49.003407],[2.675291,49.003428],[2.678366,49.003407],[2.681441,49.003314],[2.684515,49.003123],[2.687586,49.002922],[2.68759,49.002921],[2.690664,49.002676],[2.693739,49.002388],[2.696813,49.002028],[2.698292,49.001784]],[[2.647254,48.997651],[2.646727,48.997802],[2.646172,48.997907],[2.646065,48.997917],[2.644528,48.998106],[2.642991,48.998227],[2.641454,48.998326],[2.639917,48.998413],[2.638689,48.998475],[2.638379,48.998493],[2.636991,48.998585],[2.63667,48.998602],[2.636401,48.998638],[2.635305,48.998725],[2.633767,48.99879],[2.632998,48.998818],[2.632614,48.998833],[2.63223,48.998854],[2.631844,48.998893],[2.63146,48.998938],[2.630693,48.999037],[2.63066,48.999043],[2.630276,48.99914],[2.629901,48.999253],[2.629156,48.999489],[2.62883,48.999606],[2.62762,48.999978],[2.627062,49.000169],[2.626576,49.000283],[2.626083,49.000385],[2.624546,49.000692],[2.624283,49.000733],[2.623008,49.000895],[2.621471,49.001036],[2.619934,49.001154],[2.618396,49.001251],[2.618278,49.001256],[2.616859,49.001293],[2.615321,49.001297],[2.615163,49.001301],[2.613784,49.001327],[2.612847,49.001302],[2.612269,49.001286],[2.612246,49.001288],[2.612226,49.001288],[2.611496,49.001279],[2.610767,49.001261],[2.610709,49.001256],[2.610383,49.001261],[2.610265,49.00126],[2.60994,49.001276],[2.609661,49.001304],[2.609556,49.001318],[2.609175,49.001445],[2.609171,49.001447],[2.609092,49.001528],[2.609046,49.001586],[2.608997,49.001694],[2.608607,49.001829],[2.608514,49.001867],[2.608403,49.001899],[2.607638,49.002148],[2.607635,49.002149],[2.606866,49.002345],[2.606467,49.00243],[2.606098,49.002506],[2.605329,49.002621],[2.604946,49.002668],[2.60456,49.002704],[2.604345,49.002712],[2.603791,49.002732],[2.603366,49.002712],[2.603023,49.002698],[2.602254,49.002638],[2.60187,49.002608],[2.601485,49.002584],[2.601101,49.00258],[2.600716,49.00258],[2.599947,49.002553],[2.599179,49.002509],[2.598511,49.002434],[2.59841,49.002423],[2.598391,49.00242],[2.597153,49.002229],[2.596872,49.002187],[2.596469,49.00214],[2.595849,49.002058],[2.595334,49.001979],[2.594657,49.001873],[2.594176,49.001804],[2.593796,49.001749],[2.592259,49.001522],[2.590791,49.001313],[2.590721,49.001304],[2.590226,49.001223],[2.589183,49.001052],[2.589093,49.001032],[2.588414,49.000893],[2.587645,49.00078],[2.587454,49.000752],[2.586876,49.000673],[2.586108,49.000588],[2.585339,49.000507],[2.585093,49.000472],[2.58457,49.000404],[2.583801,49.000289],[2.583066,49.000191],[2.583032,49.000187],[2.582264,49.000094],[2.581495,49.000024],[2.580726,48.999975],[2.580587,48.999962],[2.58007,48.999911],[2.579957,48.9999],[2.579573,48.999886],[2.579188,48.999877],[2.578804,48.999852],[2.57842,48.999829],[2.578035,48.999827],[2.577651,48.999831],[2.576882,48.99983],[2.576113,48.999819],[2.575345,48.999805],[2.574576,48.999808],[2.573807,48.999835],[2.573038,48.999863],[2.57227,48.999909],[2.572201,48.999913],[2.571501,48.999957],[2.570732,48.999994],[2.57048,49.00001],[2.569382,49.000058],[2.569195,49.000064],[2.569025,49.000071],[2.567743,49.000133],[2.567657,49.000136],[2.56638,49.000195],[2.56612,49.000209],[2.564582,49.000271],[2.563045,49.00031],[2.562472,49.000301],[2.561507,49.000279],[2.560739,49.000237],[2.55997,49.000206],[2.559201,49.00021],[2.558432,49.0002],[2.558226,49.000196],[2.557664,49.000187],[2.557278,49.000165],[2.556895,49.000132],[2.556509,49.000072],[2.556126,49.000004],[2.555672,48.999916],[2.555357,48.999852],[2.554107,48.999635],[2.553963,48.999608],[2.55382,48.999573],[2.552282,48.999262],[2.551427,48.999073],[2.551087,48.998993],[2.550745,48.99892],[2.550363,48.998869],[2.549978,48.998828],[2.549207,48.998748],[2.547967,48.998619],[2.547805,48.99861],[2.547572,48.998582],[2.546897,48.998511],[2.546132,48.998443],[2.544595,48.998286],[2.543058,48.998128],[2.541567,48.997949],[2.54152,48.997942],[2.539983,48.997708],[2.538445,48.997427],[2.538261,48.997386],[2.536908,48.997066],[2.536176,48.996851],[2.534966,48.996558],[2.534402,48.996416],[2.533846,48.996262],[2.533833,48.996258],[2.533072,48.995986],[2.532694,48.995848],[2.532325,48.9957],[2.532296,48.995686],[2.531618,48.995415],[2.531276,48.995283],[2.530949,48.995138],[2.530759,48.995024],[2.530233,48.994797],[2.5297,48.994575],[2.529222,48.994317],[2.52889,48.994167],[2.528563,48.994013],[2.528117,48.993707],[2.527685,48.993389],[2.52733,48.993149],[2.526806,48.992889],[2.525434,48.992287],[2.525018,48.992103],[2.524611,48.991913],[2.524339,48.991764],[2.523788,48.991488],[2.523373,48.991202],[2.523599,48.990961],[2.52396,48.990726],[2.524152,48.99064],[2.524478,48.990592],[2.524612,48.990577],[2.525056,48.990522],[2.52538,48.990497],[2.526149,48.990419],[2.526901,48.99036],[2.526918,48.990359],[2.527686,48.990327],[2.528455,48.990295],[2.529223,48.990266],[2.529992,48.990246],[2.530761,48.99023],[2.530972,48.990234],[2.532101,48.990224],[2.532298,48.990214],[2.532469,48.990205],[2.533692,48.990185],[2.533835,48.990178],[2.53396,48.990172],[2.535261,48.990162],[2.535372,48.990158],[2.535473,48.990154],[2.536826,48.990141],[2.536909,48.990139],[2.536988,48.990138],[2.538359,48.990144],[2.538447,48.990143],[2.538532,48.990143],[2.539874,48.99016],[2.539984,48.990161],[2.540094,48.990161],[2.541384,48.990181],[2.541521,48.990181],[2.541661,48.990183],[2.542894,48.990201],[2.543058,48.990203],[2.543228,48.990205],[2.544398,48.990225],[2.544595,48.990229],[2.544805,48.990234],[2.545865,48.990277],[2.546133,48.990281],[2.54767,48.99033],[2.549207,48.990363],[2.549602,48.990369],[2.550296,48.990408],[2.550744,48.990431],[2.551293,48.990482],[2.551693,48.990511],[2.551822,48.99053],[2.552281,48.990565],[2.55305,48.990617],[2.553497,48.990643],[2.553819,48.990659],[2.554587,48.99069],[2.555356,48.990723],[2.556124,48.990758],[2.556893,48.99079],[2.557662,48.990828],[2.55843,48.990876],[2.559052,48.990923],[2.559199,48.990932],[2.559968,48.991005],[2.560736,48.991064],[2.561505,48.991121],[2.562273,48.991173],[2.562598,48.991204],[2.563042,48.991242],[2.563811,48.991317],[2.564579,48.991399],[2.565348,48.991484],[2.565355,48.991484],[2.566029,48.991548],[2.566117,48.991559],[2.566244,48.991578],[2.56668,48.991634],[2.566885,48.991665],[2.567195,48.99171],[2.567321,48.991727],[2.567354,48.991734],[2.567569,48.991765],[2.567654,48.991776],[2.568038,48.991824],[2.568423,48.991872],[2.568718,48.991905],[2.568807,48.991915],[2.569191,48.991945],[2.569576,48.991961],[2.56996,48.991949],[2.570005,48.991938],[2.570165,48.991905],[2.570344,48.991866],[2.570502,48.991822],[2.570728,48.991774],[2.570768,48.991764],[2.57097,48.991712],[2.57102,48.991696],[2.571248,48.991666],[2.571497,48.991642],[2.57169,48.991625],[2.572115,48.991593],[2.572266,48.991585],[2.57265,48.991575],[2.573034,48.991575],[2.573419,48.991588],[2.573669,48.991623],[2.573803,48.991643],[2.573894,48.991657],[2.57408,48.991685],[2.574262,48.991709],[2.574572,48.991742],[2.574802,48.991764],[2.574956,48.991777],[2.57534,48.991799],[2.575791,48.991821],[2.576109,48.991833],[2.576337,48.991847],[2.576877,48.991879],[2.577262,48.991882],[2.577646,48.991879],[2.578415,48.991875],[2.578874,48.991876],[2.579183,48.991877],[2.579952,48.991908],[2.580721,48.991943],[2.581489,48.991989],[2.582188,48.992043],[2.582252,48.992047],[2.582258,48.992047],[2.582265,48.992048],[2.582958,48.992092],[2.583027,48.992098],[2.58311,48.992103],[2.583679,48.992127],[2.583795,48.992132],[2.583927,48.992139],[2.584408,48.992156],[2.584564,48.992161],[2.584732,48.992164],[2.585154,48.992172],[2.585333,48.992175],[2.585512,48.992173],[2.585928,48.992168],[2.586101,48.992165],[2.586279,48.992171],[2.586687,48.992175],[2.58687,48.992175],[2.587053,48.992175],[2.587445,48.992182],[2.587638,48.992187],[2.588407,48.992226],[2.589176,48.99227],[2.589493,48.992272],[2.589626,48.992273],[2.589944,48.992284],[2.590286,48.992321],[2.590329,48.992325],[2.590713,48.992342],[2.591097,48.992376],[2.591482,48.992394],[2.591866,48.992413],[2.59225,48.992418],[2.592498,48.992415],[2.593019,48.992416],[2.593788,48.992407],[2.594556,48.992409],[2.595325,48.992431],[2.596094,48.992454],[2.596639,48.9925],[2.596862,48.992521],[2.597247,48.992587],[2.597298,48.992599],[2.597631,48.992679],[2.597825,48.992739],[2.597958,48.992781],[2.598016,48.992802],[2.598144,48.992833],[2.598241,48.992855],[2.598332,48.99288],[2.5984,48.992897],[2.598531,48.992926],[2.598784,48.992983],[2.599083,48.99302],[2.599169,48.99303],[2.599553,48.993052],[2.599937,48.993065],[2.600208,48.993069],[2.600706,48.993074],[2.601475,48.993082],[2.601677,48.993085],[2.602243,48.993098],[2.603012,48.993121],[2.603781,48.993139],[2.604488,48.993158],[2.604547,48.993159],[2.604549,48.993159],[2.605318,48.99319],[2.606087,48.993229],[2.606855,48.993272],[2.607624,48.993339],[2.608393,48.993403],[2.608742,48.993437],[2.609162,48.993473],[2.60993,48.993549],[2.610699,48.993617],[2.611468,48.993672],[2.612236,48.993711],[2.612349,48.993716],[2.613005,48.993741],[2.613774,48.993779],[2.614543,48.993825],[2.615311,48.993874],[2.61608,48.993925],[2.616849,48.99398],[2.617077,48.993994],[2.617543,48.994021],[2.617575,48.994025],[2.617666,48.994029],[2.618386,48.994069],[2.619009,48.994099],[2.619329,48.99412],[2.619924,48.994147],[2.621461,48.994239],[2.622999,48.994337],[2.624536,48.994433],[2.626073,48.994535],[2.626291,48.99455],[2.62748,48.994644],[2.627611,48.994657],[2.627781,48.994673],[2.628846,48.994769],[2.629149,48.9948],[2.629551,48.994842],[2.630206,48.994898],[2.630686,48.994944],[2.631311,48.995003],[2.63157,48.995024],[2.632224,48.995083],[2.632517,48.995107],[2.632992,48.995149],[2.633761,48.99522],[2.63453,48.995292],[2.635299,48.995366],[2.635374,48.995373],[2.636837,48.99552],[2.6383,48.995665],[2.638363,48.995673],[2.638374,48.995674],[2.63839,48.995676],[2.639663,48.995846],[2.639912,48.995877],[2.640255,48.995914],[2.640995,48.995995],[2.64145,48.996049],[2.64208,48.996123],[2.64232,48.996149],[2.642968,48.996223],[2.642987,48.996226],[2.643756,48.996339],[2.644525,48.99645],[2.644883,48.996503],[2.645294,48.996585],[2.646063,48.996739],[2.646286,48.996782],[2.646832,48.996947],[2.647285,48.997063],[2.647601,48.997248],[2.647774,48.997343],[2.647602,48.99745],[2.647254,48.997651]]]]}},{"type":"Feature","properties":{"ZONE":"A","CODE_OACI":"LFPG","NOM":"P. CH. DE GAULLE","INDLDENEXT":"70","INDLDENINT":"70","DATE_ARRET":"2007/04/03","REF_DOC":"http://piece-jointe-carto.developpement-durable.gouv.fr/NAT003/PEB/PEB_LFPG_03_04_2007.pdf"},"geometry":{"type":"MultiPolygon","coordinates":[[[[2.623215,49.030239],[2.623822,49.030053],[2.62407,49.029958],[2.623941,49.02987],[2.623691,49.02962],[2.623466,49.029396],[2.623051,49.029292],[2.621512,49.028943],[2.62128,49.028878],[2.62109,49.028836],[2.619974,49.028639],[2.619589,49.028556],[2.618528,49.028343],[2.618435,49.028325],[2.618382,49.028314],[2.618192,49.028275],[2.616896,49.028041],[2.615357,49.027779],[2.614986,49.027715],[2.614047,49.027549],[2.613474,49.027465],[2.612715,49.027314],[2.611416,49.027086],[2.610741,49.026966],[2.610334,49.026892],[2.608445,49.026595],[2.607664,49.026487],[2.604587,49.026068],[2.60151,49.025679],[2.600828,49.025599],[2.600075,49.025475],[2.598433,49.02514],[2.597406,49.024914],[2.596894,49.024806],[2.595356,49.024445],[2.594977,49.024353],[2.593817,49.024131],[2.592302,49.023792],[2.592279,49.023788],[2.59074,49.023442],[2.589887,49.023231],[2.589201,49.023096],[2.58813,49.022891],[2.586912,49.022684],[2.586125,49.022518],[2.584586,49.022269],[2.583503,49.022109],[2.583048,49.022048],[2.58151,49.021867],[2.579971,49.021714],[2.578433,49.021594],[2.577827,49.021549],[2.576895,49.02148],[2.575357,49.021363],[2.573818,49.021228],[2.573324,49.021189],[2.572831,49.021148],[2.57228,49.021096],[2.571546,49.021014],[2.571485,49.021008],[2.571477,49.021007],[2.571464,49.021006],[2.571438,49.021002],[2.57137,49.020989],[2.570742,49.020835],[2.570621,49.020796],[2.570569,49.020771],[2.570448,49.020642],[2.570149,49.020427],[2.56986,49.020307],[2.569529,49.020196],[2.569203,49.02008],[2.568855,49.019929],[2.56867,49.019865],[2.568063,49.019657],[2.567805,49.019559],[2.567665,49.019521],[2.567358,49.019416],[2.566943,49.019303],[2.566896,49.019291],[2.566127,49.019123],[2.565487,49.019023],[2.565358,49.019003],[2.564589,49.018914],[2.56382,49.018851],[2.563051,49.0188],[2.562464,49.018742],[2.562305,49.018725],[2.562254,49.018722],[2.561883,49.018685],[2.561513,49.018648],[2.561129,49.018632],[2.560744,49.018624],[2.559974,49.018615],[2.558436,49.01866],[2.556898,49.018742],[2.556883,49.018743],[2.55536,49.01881],[2.553822,49.018869],[2.552888,49.018914],[2.552284,49.018943],[2.551515,49.018996],[2.551148,49.019024],[2.550746,49.019052],[2.549977,49.019107],[2.549208,49.019123],[2.548439,49.019142],[2.54767,49.019141],[2.546901,49.019134],[2.546132,49.019134],[2.545363,49.019144],[2.544594,49.019162],[2.543825,49.019183],[2.543475,49.019177],[2.543056,49.01917],[2.542287,49.01914],[2.541518,49.019113],[2.540749,49.019063],[2.540197,49.019024],[2.539979,49.019007],[2.539827,49.018996],[2.538441,49.018883],[2.537854,49.01885],[2.536903,49.018784],[2.536426,49.018742],[2.536134,49.018715],[2.535365,49.018627],[2.534596,49.018526],[2.534179,49.018461],[2.533827,49.018404],[2.533586,49.018357],[2.53229,49.01818],[2.53229,49.01818],[2.532289,49.01818],[2.530751,49.017986],[2.529213,49.017762],[2.528289,49.017617],[2.527675,49.017509],[2.526138,49.017236],[2.524992,49.017055],[2.5246,49.016987],[2.523062,49.016797],[2.521524,49.016659],[2.519986,49.016525],[2.519317,49.016491],[2.518883,49.016465],[2.518448,49.016443],[2.517679,49.016439],[2.51691,49.016445],[2.515661,49.016491],[2.515372,49.016501],[2.513834,49.016543],[2.512464,49.016551],[2.512296,49.016561],[2.510758,49.016592],[2.50922,49.016591],[2.507682,49.016571],[2.506144,49.016532],[2.504651,49.016487],[2.504608,49.016485],[2.504604,49.016485],[2.503068,49.016431],[2.501691,49.016368],[2.501351,49.016355],[2.499992,49.016296],[2.498727,49.016285],[2.498156,49.016267],[2.496916,49.016276],[2.495605,49.016317],[2.495148,49.016315],[2.494937,49.016322],[2.49384,49.016397],[2.492513,49.016482],[2.492335,49.016494],[2.492302,49.016497],[2.490764,49.01658],[2.489615,49.016623],[2.489226,49.016645],[2.487688,49.01673],[2.486149,49.016825],[2.484611,49.016933],[2.483384,49.017039],[2.483073,49.017072],[2.482685,49.017147],[2.482302,49.017235],[2.481535,49.01741],[2.48058,49.017599],[2.479996,49.017728],[2.479615,49.017749],[2.479229,49.017749],[2.478842,49.017747],[2.478458,49.01776],[2.47807,49.017814],[2.477686,49.017882],[2.477303,49.017954],[2.47692,49.018029],[2.476421,49.018159],[2.475902,49.018432],[2.475381,49.018702],[2.475328,49.01872],[2.472303,49.01973],[2.471961,49.019842],[2.471585,49.020068],[2.471233,49.020318],[2.470882,49.020567],[2.470506,49.020777],[2.469904,49.020856],[2.469225,49.020904],[2.468929,49.020964],[2.469225,49.021133],[2.469842,49.021359],[2.470437,49.021527],[2.470762,49.021548],[2.471538,49.021627],[2.471922,49.021674],[2.4723,49.021735],[2.472903,49.021912],[2.473506,49.022091],[2.473838,49.02215],[2.474082,49.022181],[2.475375,49.022342],[2.476149,49.022467],[2.476534,49.022535],[2.476913,49.022614],[2.477064,49.022655],[2.477406,49.022722],[2.477755,49.022775],[2.478104,49.022826],[2.478451,49.022883],[2.478813,49.022963],[2.479172,49.02305],[2.479891,49.023219],[2.479956,49.023231],[2.479989,49.023236],[2.481527,49.023535],[2.481802,49.023581],[2.483032,49.023759],[2.483064,49.023764],[2.483086,49.023767],[2.483211,49.023783],[2.484602,49.023941],[2.486141,49.024107],[2.487679,49.02426],[2.488673,49.024348],[2.489217,49.024395],[2.490755,49.024528],[2.492293,49.024658],[2.493831,49.024791],[2.493977,49.024805],[2.495288,49.024913],[2.495369,49.024919],[2.496907,49.025022],[2.498445,49.025118],[2.499984,49.02521],[2.501522,49.025298],[2.50306,49.025382],[2.504598,49.025459],[2.50468,49.025464],[2.50501,49.025479],[2.506136,49.025537],[2.506905,49.025578],[2.507675,49.025614],[2.508444,49.025648],[2.509213,49.025676],[2.509982,49.025709],[2.510751,49.025738],[2.511301,49.025762],[2.51152,49.025773],[2.512289,49.025811],[2.512847,49.02584],[2.513058,49.02585],[2.513828,49.02589],[2.514597,49.025931],[2.515366,49.025975],[2.516135,49.026016],[2.516801,49.026045],[2.516904,49.02605],[2.517673,49.026082],[2.518442,49.026105],[2.519211,49.026128],[2.519981,49.02615],[2.52075,49.026165],[2.521519,49.026168],[2.521735,49.026169],[2.522068,49.026167],[2.522288,49.026168],[2.522507,49.026167],[2.522829,49.026161],[2.523057,49.026158],[2.523295,49.026154],[2.523578,49.026146],[2.523826,49.026141],[2.524091,49.026134],[2.524323,49.026129],[2.524595,49.026126],[2.524884,49.026117],[2.525066,49.02611],[2.525365,49.026094],[2.525716,49.026071],[2.525777,49.026068],[2.525799,49.026065],[2.526134,49.026047],[2.526199,49.026047],[2.526518,49.026045],[2.526778,49.026047],[2.526903,49.026048],[2.527287,49.026056],[2.527672,49.026073],[2.528057,49.026099],[2.528375,49.02613],[2.528441,49.026136],[2.528633,49.02616],[2.528785,49.026188],[2.528826,49.026196],[2.529018,49.026238],[2.529078,49.026258],[2.52921,49.026302],[2.52931,49.026329],[2.529376,49.026348],[2.529473,49.02638],[2.529595,49.026428],[2.529631,49.026443],[2.529712,49.026469],[2.529979,49.026561],[2.530062,49.026579],[2.530227,49.02661],[2.530364,49.026637],[2.530748,49.026696],[2.530861,49.026709],[2.530974,49.026726],[2.531326,49.026751],[2.531518,49.026764],[2.531682,49.026771],[2.532144,49.026787],[2.532287,49.026791],[2.532418,49.026795],[2.532947,49.026811],[2.533056,49.026816],[2.533152,49.026821],[2.533771,49.026851],[2.533825,49.026855],[2.533869,49.026859],[2.53433,49.026891],[2.534594,49.026912],[2.534734,49.026917],[2.535363,49.026945],[2.535748,49.026986],[2.536133,49.027023],[2.536232,49.027032],[2.536517,49.027058],[2.536902,49.0271],[2.537661,49.027171],[2.537671,49.027172],[2.537674,49.027172],[2.537684,49.027173],[2.53844,49.027225],[2.538727,49.027244],[2.538937,49.027255],[2.539209,49.02727],[2.539444,49.027282],[2.539763,49.027297],[2.539978,49.027308],[2.540166,49.027317],[2.54058,49.027332],[2.540747,49.027339],[2.540897,49.027344],[2.54139,49.027361],[2.541517,49.027363],[2.541901,49.027369],[2.542286,49.027383],[2.54267,49.027424],[2.542741,49.027428],[2.543055,49.027447],[2.543152,49.027454],[2.54344,49.027476],[2.543824,49.027495],[2.544209,49.027533],[2.544593,49.027574],[2.544787,49.027594],[2.544978,49.027615],[2.545362,49.027647],[2.545747,49.027685],[2.546132,49.027719],[2.546325,49.027735],[2.546901,49.027786],[2.54767,49.027845],[2.548439,49.027895],[2.549208,49.027918],[2.549333,49.027925],[2.549883,49.027947],[2.549977,49.02795],[2.550061,49.027955],[2.550715,49.027993],[2.550747,49.027995],[2.550772,49.027997],[2.550985,49.028016],[2.551516,49.028071],[2.552285,49.028142],[2.553054,49.028218],[2.553823,49.028294],[2.553863,49.028297],[2.554593,49.028365],[2.555077,49.028385],[2.555362,49.028399],[2.555746,49.028395],[2.556131,49.028377],[2.556516,49.02832],[2.556643,49.028297],[2.5569,49.028248],[2.557285,49.028202],[2.557669,49.028179],[2.558054,49.028178],[2.558438,49.028188],[2.558689,49.028202],[2.559208,49.028233],[2.559466,49.028249],[2.559977,49.028282],[2.560195,49.028296],[2.560347,49.028307],[2.560379,49.028309],[2.560746,49.028333],[2.561052,49.028354],[2.561226,49.028366],[2.561515,49.028394],[2.561733,49.028418],[2.562113,49.028452],[2.562284,49.02847],[2.562413,49.028483],[2.562995,49.028534],[2.563054,49.02854],[2.563098,49.028545],[2.563499,49.028577],[2.563823,49.028607],[2.564592,49.028663],[2.565361,49.028703],[2.56613,49.028739],[2.5669,49.028783],[2.567669,49.028836],[2.568438,49.028855],[2.568515,49.028857],[2.569207,49.028877],[2.569977,49.028918],[2.570746,49.028959],[2.570974,49.028971],[2.571308,49.028987],[2.571515,49.028998],[2.571692,49.029009],[2.572135,49.029029],[2.572284,49.029037],[2.573053,49.02908],[2.573823,49.029126],[2.574041,49.029137],[2.574592,49.029167],[2.575361,49.029217],[2.57613,49.029267],[2.576899,49.029318],[2.577669,49.029369],[2.578415,49.029417],[2.578438,49.029419],[2.579207,49.029471],[2.579976,49.029519],[2.580746,49.029566],[2.581515,49.029613],[2.582284,49.029658],[2.582959,49.029697],[2.583039,49.029702],[2.583053,49.029703],[2.583823,49.029752],[2.584592,49.029801],[2.585361,49.029848],[2.58613,49.029893],[2.5869,49.029938],[2.587062,49.029947],[2.587559,49.029976],[2.587669,49.029984],[2.588032,49.030007],[2.588366,49.030029],[2.588522,49.030037],[2.58888,49.030059],[2.589207,49.030079],[2.590746,49.030171],[2.592265,49.030252],[2.592284,49.030252],[2.592329,49.030255],[2.593054,49.030296],[2.593823,49.030332],[2.594592,49.030364],[2.595361,49.030401],[2.596131,49.030436],[2.5969,49.030457],[2.597669,49.030477],[2.598438,49.030504],[2.598478,49.030505],[2.59958,49.030533],[2.599925,49.030543],[2.599977,49.030544],[2.601515,49.030579],[2.603054,49.03061],[2.604592,49.030643],[2.604751,49.030647],[2.605956,49.030658],[2.606131,49.030662],[2.606315,49.030665],[2.607479,49.030668],[2.607669,49.030671],[2.609207,49.030682],[2.610746,49.030682],[2.612284,49.030684],[2.613823,49.030665],[2.615361,49.030645],[2.6169,49.030609],[2.618438,49.030568],[2.619834,49.030522],[2.619967,49.030515],[2.619976,49.030514],[2.621515,49.030387],[2.622814,49.030283],[2.623053,49.030261],[2.623215,49.030239]]],[[[2.647254,48.997651],[2.647602,48.99745],[2.647774,48.997343],[2.647601,48.997248],[2.647285,48.997063],[2.646832,48.996947],[2.646286,48.996782],[2.646063,48.996739],[2.645294,48.996585],[2.644883,48.996503],[2.644525,48.99645],[2.643756,48.996339],[2.642987,48.996226],[2.642968,48.996223],[2.64232,48.996149],[2.64208,48.996123],[2.64145,48.996049],[2.640995,48.995995],[2.640255,48.995914],[2.639912,48.995877],[2.639663,48.995846],[2.63839,48.995676],[2.638374,48.995674],[2.638363,48.995673],[2.6383,48.995665],[2.636837,48.99552],[2.635374,48.995373],[2.635299,48.995366],[2.63453,48.995292],[2.633761,48.99522],[2.632992,48.995149],[2.632517,48.995107],[2.632224,48.995083],[2.63157,48.995024],[2.631311,48.995003],[2.630686,48.994944],[2.630206,48.994898],[2.629551,48.994842],[2.629149,48.9948],[2.628846,48.994769],[2.627781,48.994673],[2.627611,48.994657],[2.62748,48.994644],[2.626291,48.99455],[2.626073,48.994535],[2.624536,48.994433],[2.622999,48.994337],[2.621461,48.994239],[2.619924,48.994147],[2.619329,48.99412],[2.619009,48.994099],[2.618386,48.994069],[2.617666,48.994029],[2.617575,48.994025],[2.617543,48.994021],[2.617077,48.993994],[2.616849,48.99398],[2.61608,48.993925],[2.615311,48.993874],[2.614543,48.993825],[2.613774,48.993779],[2.613005,48.993741],[2.612349,48.993716],[2.612236,48.993711],[2.611468,48.993672],[2.610699,48.993617],[2.60993,48.993549],[2.609162,48.993473],[2.608742,48.993437],[2.608393,48.993403],[2.607624,48.993339],[2.606855,48.993272],[2.606087,48.993229],[2.605318,48.99319],[2.604549,48.993159],[2.604547,48.993159],[2.604488,48.993158],[2.603781,48.993139],[2.603012,48.993121],[2.602243,48.993098],[2.601677,48.993085],[2.601475,48.993082],[2.600706,48.993074],[2.600208,48.993069],[2.599937,48.993065],[2.599553,48.993052],[2.599169,48.99303],[2.599083,48.99302],[2.598784,48.992983],[2.598531,48.992926],[2.5984,48.992897],[2.598332,48.99288],[2.598241,48.992855],[2.598144,48.992833],[2.598016,48.992802],[2.597958,48.992781],[2.597825,48.992739],[2.597631,48.992679],[2.597298,48.992599],[2.597247,48.992587],[2.596862,48.992521],[2.596639,48.9925],[2.596094,48.992454],[2.595325,48.992431],[2.594556,48.992409],[2.593788,48.992407],[2.593019,48.992416],[2.592498,48.992415],[2.59225,48.992418],[2.591866,48.992413],[2.591482,48.992394],[2.591097,48.992376],[2.590713,48.992342],[2.590329,48.992325],[2.590286,48.992321],[2.589944,48.992284],[2.589626,48.992273],[2.589493,48.992272],[2.589176,48.99227],[2.588407,48.992226],[2.587638,48.992187],[2.587445,48.992182],[2.587053,48.992175],[2.58687,48.992175],[2.586687,48.992175],[2.586279,48.992171],[2.586101,48.992165],[2.585928,48.992168],[2.585512,48.992173],[2.585333,48.992175],[2.585154,48.992172],[2.584732,48.992164],[2.584564,48.992161],[2.584408,48.992156],[2.583927,48.992139],[2.583795,48.992132],[2.583679,48.992127],[2.58311,48.992103],[2.583027,48.992098],[2.582958,48.992092],[2.582265,48.992048],[2.582258,48.992047],[2.582252,48.992047],[2.582188,48.992043],[2.581489,48.991989],[2.580721,48.991943],[2.579952,48.991908],[2.579183,48.991877],[2.578874,48.991876],[2.578415,48.991875],[2.577646,48.991879],[2.577262,48.991882],[2.576877,48.991879],[2.576337,48.991847],[2.576109,48.991833],[2.575791,48.991821],[2.57534,48.991799],[2.574956,48.991777],[2.574802,48.991764],[2.574572,48.991742],[2.574262,48.991709],[2.57408,48.991685],[2.573894,48.991657],[2.573803,48.991643],[2.573669,48.991623],[2.573419,48.991588],[2.573034,48.991575],[2.57265,48.991575],[2.572266,48.991585],[2.572115,48.991593],[2.57169,48.991625],[2.571497,48.991642],[2.571248,48.991666],[2.57102,48.991696],[2.57097,48.991712],[2.570768,48.991764],[2.570728,48.991774],[2.570502,48.991822],[2.570344,48.991866],[2.570165,48.991905],[2.570005,48.991938],[2.56996,48.991949],[2.569576,48.991961],[2.569191,48.991945],[2.568807,48.991915],[2.568718,48.991905],[2.568423,48.991872],[2.568038,48.991824],[2.567654,48.991776],[2.567569,48.991765],[2.567354,48.991734],[2.567321,48.991727],[2.567195,48.99171],[2.566885,48.991665],[2.56668,48.991634],[2.566244,48.991578],[2.566117,48.991559],[2.566029,48.991548],[2.565355,48.991484],[2.565348,48.991484],[2.564579,48.991399],[2.563811,48.991317],[2.563042,48.991242],[2.562598,48.991204],[2.562273,48.991173],[2.561505,48.991121],[2.560736,48.991064],[2.559968,48.991005],[2.559199,48.990932],[2.559052,48.990923],[2.55843,48.990876],[2.557662,48.990828],[2.556893,48.99079],[2.556124,48.990758],[2.555356,48.990723],[2.554587,48.99069],[2.553819,48.990659],[2.553497,48.990643],[2.55305,48.990617],[2.552281,48.990565],[2.551822,48.99053],[2.551693,48.990511],[2.551293,48.990482],[2.550744,48.990431],[2.550296,48.990408],[2.549602,48.990369],[2.549207,48.990363],[2.54767,48.99033],[2.546133,48.990281],[2.545865,48.990277],[2.544805,48.990234],[2.544595,48.990229],[2.544398,48.990225],[2.543228,48.990205],[2.543058,48.990203],[2.542894,48.990201],[2.541661,48.990183],[2.541521,48.990181],[2.541384,48.990181],[2.540094,48.990161],[2.539984,48.990161],[2.539874,48.99016],[2.538532,48.990143],[2.538447,48.990143],[2.538359,48.990144],[2.536988,48.990138],[2.536909,48.990139],[2.536826,48.990141],[2.535473,48.990154],[2.535372,48.990158],[2.535261,48.990162],[2.53396,48.990172],[2.533835,48.990178],[2.533692,48.990185],[2.532469,48.990205],[2.532298,48.990214],[2.532101,48.990224],[2.530972,48.990234],[2.530761,48.99023],[2.529992,48.990246],[2.529223,48.990266],[2.528455,48.990295],[2.527686,48.990327],[2.526918,48.990359],[2.526901,48.99036],[2.526149,48.990419],[2.52538,48.990497],[2.525056,48.990522],[2.524612,48.990577],[2.524478,48.990592],[2.524152,48.99064],[2.52396,48.990726],[2.523599,48.990961],[2.523373,48.991202],[2.523788,48.991488],[2.524339,48.991764],[2.524611,48.991913],[2.525018,48.992103],[2.525434,48.992287],[2.526806,48.992889],[2.52733,48.993149],[2.527685,48.993389],[2.528117,48.993707],[2.528563,48.994013],[2.52889,48.994167],[2.529222,48.994317],[2.5297,48.994575],[2.530233,48.994797],[2.530759,48.995024],[2.530949,48.995138],[2.531276,48.995283],[2.531618,48.995415],[2.532296,48.995686],[2.532325,48.9957],[2.532694,48.995848],[2.533072,48.995986],[2.533833,48.996258],[2.533846,48.996262],[2.534402,48.996416],[2.534966,48.996558],[2.536176,48.996851],[2.536908,48.997066],[2.538261,48.997386],[2.538445,48.997427],[2.539983,48.997708],[2.54152,48.997942],[2.541567,48.997949],[2.543058,48.998128],[2.544595,48.998286],[2.546132,48.998443],[2.546897,48.998511],[2.547572,48.998582],[2.547805,48.99861],[2.547967,48.998619],[2.549207,48.998748],[2.549978,48.998828],[2.550363,48.998869],[2.550745,48.99892],[2.551087,48.998993],[2.551427,48.999073],[2.552282,48.999262],[2.55382,48.999573],[2.553963,48.999608],[2.554107,48.999635],[2.555357,48.999852],[2.555672,48.999916],[2.556126,49.000004],[2.556509,49.000072],[2.556895,49.000132],[2.557278,49.000165],[2.557664,49.000187],[2.558226,49.000196],[2.558432,49.0002],[2.559201,49.00021],[2.55997,49.000206],[2.560739,49.000237],[2.561507,49.000279],[2.562472,49.000301],[2.563045,49.00031],[2.564582,49.000271],[2.56612,49.000209],[2.56638,49.000195],[2.567657,49.000136],[2.567743,49.000133],[2.569025,49.000071],[2.569195,49.000064],[2.569382,49.000058],[2.57048,49.00001],[2.570732,48.999994],[2.571501,48.999957],[2.572201,48.999913],[2.57227,48.999909],[2.573038,48.999863],[2.573807,48.999835],[2.574576,48.999808],[2.575345,48.999805],[2.576113,48.999819],[2.576882,48.99983],[2.577651,48.999831],[2.578035,48.999827],[2.57842,48.999829],[2.578804,48.999852],[2.579188,48.999877],[2.579573,48.999886],[2.579957,48.9999],[2.58007,48.999911],[2.580587,48.999962],[2.580726,48.999975],[2.581495,49.000024],[2.582264,49.000094],[2.583032,49.000187],[2.583066,49.000191],[2.583801,49.000289],[2.58457,49.000404],[2.585093,49.000472],[2.585339,49.000507],[2.586108,49.000588],[2.586876,49.000673],[2.587454,49.000752],[2.587645,49.00078],[2.588414,49.000893],[2.589093,49.001032],[2.589183,49.001052],[2.590226,49.001223],[2.590721,49.001304],[2.590791,49.001313],[2.592259,49.001522],[2.593796,49.001749],[2.594176,49.001804],[2.594657,49.001873],[2.595334,49.001979],[2.595849,49.002058],[2.596469,49.00214],[2.596872,49.002187],[2.597153,49.002229],[2.598391,49.00242],[2.59841,49.002423],[2.598511,49.002434],[2.599179,49.002509],[2.599947,49.002553],[2.600716,49.00258],[2.601101,49.00258],[2.601485,49.002584],[2.60187,49.002608],[2.602254,49.002638],[2.603023,49.002698],[2.603366,49.002712],[2.603791,49.002732],[2.604345,49.002712],[2.60456,49.002704],[2.604946,49.002668],[2.605329,49.002621],[2.606098,49.002506],[2.606467,49.00243],[2.606866,49.002345],[2.607635,49.002149],[2.607638,49.002148],[2.608403,49.001899],[2.608514,49.001867],[2.608607,49.001829],[2.608997,49.001694],[2.609046,49.001586],[2.609092,49.001528],[2.609171,49.001447],[2.609175,49.001445],[2.609556,49.001318],[2.609661,49.001304],[2.60994,49.001276],[2.610265,49.00126],[2.610383,49.001261],[2.610709,49.001256],[2.610767,49.001261],[2.611496,49.001279],[2.612226,49.001288],[2.612246,49.001288],[2.612269,49.001286],[2.612847,49.001302],[2.613784,49.001327],[2.615163,49.001301],[2.615321,49.001297],[2.616859,49.001293],[2.618278,49.001256],[2.618396,49.001251],[2.619934,49.001154],[2.621471,49.001036],[2.623008,49.000895],[2.624283,49.000733],[2.624546,49.000692],[2.626083,49.000385],[2.626576,49.000283],[2.627062,49.000169],[2.62762,48.999978],[2.62883,48.999606],[2.629156,48.999489],[2.629901,48.999253],[2.630276,48.99914],[2.63066,48.999043],[2.630693,48.999037],[2.63146,48.998938],[2.631844,48.998893],[2.63223,48.998854],[2.632614,48.998833],[2.632998,48.998818],[2.633767,48.99879],[2.635305,48.998725],[2.636401,48.998638],[2.63667,48.998602],[2.636991,48.998585],[2.638379,48.998493],[2.638689,48.998475],[2.639917,48.998413],[2.641454,48.998326],[2.642991,48.998227],[2.644528,48.998106],[2.646065,48.997917],[2.646172,48.997907],[2.646727,48.997802],[2.647254,48.997651]]]]}}]}